target_id	ens_gene	ext_gene	biotype	log2FC	qval	intergenic	tss	poly_a	tss_poly_a	protein_potential_bool	protein_potential
MSTRG.26519.2	NA	NA	lncRNA	2.2468866374073	4.64942015582512e-54	FALSE	TRUE	FALSE	FALSE	TRUE	0.0087398256995629
MSTRG.27898.4	NA	NA	lncRNA	1.65958150607575	1.60024461066783e-49	FALSE	FALSE	TRUE	FALSE	TRUE	0.317012078285276
MSTRG.13982.1	NA	NA	lncRNA	-1.57565703478211	1.11436344787099e-45	TRUE	FALSE	TRUE	FALSE	TRUE	0.115477594029955
MSTRG.18895.9	NA	NA	lncRNA	-2.02471045628022	7.73378513913882e-31	FALSE	TRUE	TRUE	TRUE	TRUE	0.140592255743424
MSTRG.5100.9	NA	NA	lncRNA	1.05573287738556	1.55464422787806e-28	FALSE	TRUE	FALSE	FALSE	TRUE	0.161658249036318
MSTRG.17727.1	NA	NA	lncRNA	-1.44379850959366	1.73532934438555e-27	TRUE	TRUE	FALSE	FALSE	TRUE	0.00860118871811363
MSTRG.29439.6	NA	NA	lncRNA	1.60004037931566	5.09656994282513e-27	FALSE	FALSE	FALSE	FALSE	TRUE	0.00875126626061143
MSTRG.7633.5	NA	NA	lncRNA	1.9519990535326	4.38794239800357e-26	FALSE	TRUE	FALSE	FALSE	TRUE	0.178607700667137
MSTRG.6344.6	NA	NA	lncRNA	1.16222185966746	7.3718382881812e-26	FALSE	TRUE	TRUE	TRUE	TRUE	0.00927051684070458
MSTRG.2537.2	NA	NA	lncRNA	-1.79769397670951	8.47617861819868e-25	FALSE	FALSE	TRUE	FALSE	TRUE	0.00326023363869773
MSTRG.11507.9	NA	NA	lncRNA	-1.48447345095085	2.20845423542757e-24	FALSE	TRUE	FALSE	FALSE	TRUE	0.111655180219804
MSTRG.3727.6	NA	NA	lncRNA	1.61583087339551	1.71639377151294e-23	FALSE	TRUE	TRUE	TRUE	TRUE	0.0499063474656684
MSTRG.3727.7	NA	NA	lncRNA	1.41409292001569	1.37732256028188e-22	FALSE	TRUE	TRUE	TRUE	TRUE	0.0464455870899225
MSTRG.29637.1	NA	NA	lncRNA	1.789886269782	8.96901891018881e-22	FALSE	FALSE	FALSE	FALSE	TRUE	0.0949609061214256
MSTRG.9360.1	NA	NA	lncRNA	0.798964602364367	7.75257342968991e-20	FALSE	FALSE	TRUE	FALSE	TRUE	0.00117430766715142
MSTRG.4238.1	NA	NA	lncRNA	1.53545450009641	1.80789708196337e-19	FALSE	TRUE	FALSE	FALSE	TRUE	0.121370497334733
MSTRG.18608.7	NA	NA	lncRNA	-0.658803287776448	1.85873156449682e-19	FALSE	TRUE	TRUE	TRUE	TRUE	0.0340975488586519
MSTRG.28645.3	NA	NA	lncRNA	6.06630350382124	3.50884465900673e-19	FALSE	FALSE	FALSE	FALSE	TRUE	1.3261433007235e-05
MSTRG.4723.6	NA	NA	lncRNA	-1.44290493127787	5.57720162082939e-19	FALSE	TRUE	TRUE	TRUE	TRUE	0.00330008066102946
MSTRG.5696.4	NA	NA	lncRNA	-0.910980282520128	2.40145873977151e-18	FALSE	FALSE	TRUE	FALSE	TRUE	1.16768994381615e-06
MSTRG.16388.1	NA	NA	lncRNA	2.15147601177687	3.74970769139997e-18	TRUE	FALSE	FALSE	FALSE	TRUE	0.135725188626595
MSTRG.5100.1	NA	NA	lncRNA	0.668443914288901	5.54199398574002e-18	FALSE	TRUE	TRUE	TRUE	TRUE	0.112527364820244
MSTRG.1557.5	NA	NA	lncRNA	1.13746664165216	1.73197882036703e-17	FALSE	FALSE	FALSE	FALSE	TRUE	0.177665067682736
MSTRG.21378.7	NA	NA	lncRNA	-7.34635935179503	1.75173741328358e-17	FALSE	TRUE	TRUE	TRUE	TRUE	0.0028685230800799
MSTRG.8597.20	NA	NA	lncRNA	1.30406454658128	2.245968520218e-17	FALSE	TRUE	FALSE	FALSE	TRUE	0.00603976816660254
MSTRG.26519.4	NA	NA	lncRNA	1.93739073914159	4.62361231975663e-17	FALSE	TRUE	TRUE	TRUE	TRUE	0.094292935660838
MSTRG.24683.5	NA	NA	lncRNA	-1.49541860728237	1.17605933468819e-16	FALSE	TRUE	TRUE	TRUE	TRUE	0.0141314070375973
MSTRG.8181.11	NA	NA	lncRNA	1.09941165224686	1.58749493048808e-16	FALSE	FALSE	TRUE	FALSE	TRUE	0.00637536109190442
MSTRG.23404.1	NA	NA	lncRNA	-1.63212158846838	7.49010383402814e-16	FALSE	TRUE	FALSE	FALSE	TRUE	0.0178289293074815
MSTRG.9869.5	NA	NA	lncRNA	2.29007359428935	1.10719229421691e-15	FALSE	TRUE	FALSE	FALSE	TRUE	0.0155743268907117
MSTRG.27331.5	NA	NA	lncRNA	0.736039267911728	1.38269185817177e-15	FALSE	TRUE	TRUE	TRUE	TRUE	6.87209465475615e-05
MSTRG.20335.16	NA	NA	lncRNA	0.845512043327642	1.46168574208969e-15	FALSE	TRUE	TRUE	TRUE	TRUE	0.122339936574752
MSTRG.25634.1	NA	NA	lncRNA	1.58493640793465	2.74485138324515e-15	FALSE	FALSE	FALSE	FALSE	TRUE	0.037303584344967
MSTRG.15144.2	NA	NA	lncRNA	-1.80391851204453	3.12655063646903e-15	FALSE	TRUE	TRUE	TRUE	TRUE	0.0123759622123872
MSTRG.30487.36	NA	NA	lncRNA	1.03216276864118	1.30931621365727e-14	FALSE	TRUE	TRUE	TRUE	TRUE	0.0253888162397483
MSTRG.18233.1	NA	NA	lncRNA	-1.44236129477929	1.49615630627644e-14	FALSE	TRUE	TRUE	TRUE	TRUE	2.77988501939756e-09
MSTRG.6348.2	NA	NA	lncRNA	0.685904041361406	1.93754550953566e-14	FALSE	TRUE	FALSE	FALSE	TRUE	0.0384434981970153
MSTRG.22618.10	NA	NA	lncRNA	1.26503758439041	2.0831287755386e-14	FALSE	FALSE	TRUE	FALSE	TRUE	0.0483418517989176
MSTRG.14864.1	NA	NA	lncRNA	4.03723501507045	4.97358975092883e-14	FALSE	TRUE	TRUE	TRUE	TRUE	0.0313279040848581
MSTRG.18462.10	NA	NA	lncRNA	-0.558576821906357	5.63345564701874e-14	FALSE	TRUE	FALSE	FALSE	TRUE	0.0502686183048307
MSTRG.18092.2	NA	NA	lncRNA	-1.0959155685478	6.93800601826252e-14	FALSE	TRUE	FALSE	FALSE	TRUE	0.290137169810445
MSTRG.27245.10	NA	NA	lncRNA	1.25859214394217	1.07113456712697e-13	FALSE	TRUE	FALSE	FALSE	TRUE	0.00995497411560039
MSTRG.27898.5	NA	NA	lncRNA	1.64739493719922	1.15426844037362e-13	FALSE	FALSE	TRUE	FALSE	TRUE	0.317012078285276
MSTRG.17500.4	NA	NA	lncRNA	-3.22292413251481	1.19970847634613e-13	FALSE	TRUE	TRUE	TRUE	TRUE	0.113250634764069
MSTRG.3900.3	NA	NA	lncRNA	1.54615650232602	1.29775943108099e-13	FALSE	FALSE	FALSE	FALSE	TRUE	2.81151889275531e-05
MSTRG.17252.1	NA	NA	lncRNA	-1.01463169076111	1.32769050341923e-13	FALSE	TRUE	FALSE	FALSE	TRUE	0.00202052027861672
MSTRG.11027.1	NA	NA	lncRNA	0.740256228662569	1.80487836802886e-13	FALSE	TRUE	TRUE	TRUE	TRUE	0.00052609998983266
MSTRG.4238.3	NA	NA	lncRNA	0.705726156229446	2.49433516248714e-13	FALSE	TRUE	FALSE	FALSE	TRUE	0.0275900610374943
MSTRG.19209.1	NA	NA	lncRNA	4.83312531073276	2.72065274304417e-13	TRUE	FALSE	FALSE	FALSE	TRUE	0.0654720015025924
MSTRG.28360.4	NA	NA	lncRNA	1.01281383779301	3.99852697145237e-13	FALSE	TRUE	TRUE	TRUE	TRUE	0.00285477588218729
MSTRG.4516.11	NA	NA	lncRNA	2.06397344782591	4.08109283564925e-13	FALSE	FALSE	FALSE	FALSE	TRUE	0.000566703636873908
MSTRG.18462.19	NA	NA	lncRNA	6.08907325438446	4.3257996303004e-13	FALSE	TRUE	TRUE	TRUE	TRUE	0.131609156501296
MSTRG.7723.5	NA	NA	lncRNA	-0.536612395525648	4.52659924591852e-13	FALSE	TRUE	TRUE	TRUE	TRUE	0.0452511542686227
MSTRG.4588.15	NA	NA	lncRNA	-1.0918917150971	7.43590358328643e-13	FALSE	TRUE	FALSE	FALSE	TRUE	0.00716485140399617
MSTRG.6834.4	NA	NA	lncRNA	-0.864787441653128	7.53776665456237e-13	FALSE	TRUE	FALSE	FALSE	TRUE	0.319017393003089
MSTRG.26962.2	NA	NA	lncRNA	0.873383610735562	1.20273306477932e-12	FALSE	FALSE	TRUE	FALSE	TRUE	0.0448161727956141
MSTRG.5662.2	NA	NA	lncRNA	-1.47049594820138	2.07848610234719e-12	FALSE	TRUE	FALSE	FALSE	TRUE	5.78035971967638e-07
MSTRG.26809.11	NA	NA	lncRNA	2.21095301762885	2.22975764240404e-12	FALSE	TRUE	FALSE	FALSE	TRUE	0.00814027226238651
MSTRG.22976.4	NA	NA	lncRNA	1.01980532414803	2.4394969677374e-12	FALSE	FALSE	FALSE	FALSE	TRUE	0.0165425227144861
MSTRG.18233.2	NA	NA	lncRNA	-1.11720688832117	2.49194206397872e-12	FALSE	TRUE	TRUE	TRUE	TRUE	2.77988501939756e-09
MSTRG.2921.1	NA	NA	lncRNA	2.21775561782822	1.47353332245753e-11	FALSE	FALSE	FALSE	FALSE	TRUE	0.246677598351387
MSTRG.4238.4	NA	NA	lncRNA	6.80769920557723	1.92353845411537e-11	FALSE	TRUE	FALSE	FALSE	TRUE	0.0275900610374943
MSTRG.24143.1	NA	NA	lncRNA	1.38744940966422	2.2758672733336e-11	FALSE	TRUE	FALSE	FALSE	TRUE	0.000128821851460329
MSTRG.9656.2	NA	NA	lncRNA	-1.19994034159391	2.53018350135141e-11	FALSE	TRUE	FALSE	FALSE	TRUE	0.00245944481218008
MSTRG.2912.1	NA	NA	lncRNA	0.903102107543137	3.07819777430425e-11	TRUE	FALSE	FALSE	FALSE	TRUE	0.145415653710012
MSTRG.21571.5	NA	NA	lncRNA	-0.528637985476375	3.16461281612696e-11	FALSE	TRUE	TRUE	TRUE	TRUE	0.0171682235951583
MSTRG.17866.3	NA	NA	lncRNA	-0.480233006912743	3.63426108900038e-11	FALSE	FALSE	TRUE	FALSE	TRUE	0.0759374953835018
MSTRG.26519.1	NA	NA	lncRNA	1.612229201905	4.25274918040871e-11	FALSE	TRUE	FALSE	FALSE	TRUE	0.00297103693319833
MSTRG.24809.1	NA	NA	lncRNA	2.34049606125022	4.27182873025223e-11	FALSE	TRUE	FALSE	FALSE	TRUE	0.00439381231289146
MSTRG.29365.1	NA	NA	lncRNA	-1.92055937897505	4.70502191589542e-11	FALSE	TRUE	FALSE	FALSE	TRUE	0.0187081438422736
MSTRG.27217.1	NA	NA	lncRNA	2.2806886550793	4.73977539190886e-11	FALSE	FALSE	FALSE	FALSE	TRUE	0.0247792078986874
MSTRG.18589.1	NA	NA	lncRNA	-0.533010158901739	4.89909850054198e-11	FALSE	FALSE	TRUE	FALSE	TRUE	0.339619480671
MSTRG.16396.1	NA	NA	lncRNA	-1.14617929728484	5.05963498475561e-11	TRUE	FALSE	FALSE	FALSE	TRUE	0.0486141810586117
MSTRG.9771.4	NA	NA	lncRNA	0.942494783943472	5.31267098042066e-11	FALSE	TRUE	FALSE	FALSE	TRUE	0.0396231521088887
MSTRG.8357.3	NA	NA	lncRNA	6.15111096003107	6.45641534959791e-11	FALSE	FALSE	FALSE	FALSE	TRUE	0.0748717197892263
MSTRG.14864.2	NA	NA	lncRNA	4.26598699462385	7.46357232620365e-11	FALSE	TRUE	TRUE	TRUE	TRUE	0.0313279040848581
MSTRG.4083.13	NA	NA	lncRNA	1.23350893453178	9.5433956493638e-11	FALSE	FALSE	FALSE	FALSE	TRUE	0.01352445854926
MSTRG.25099.2	NA	NA	lncRNA	-0.883246917572883	1.28229776847345e-10	FALSE	FALSE	TRUE	FALSE	TRUE	0.240658892010504
MSTRG.24807.1	NA	NA	lncRNA	2.7476833583236	1.45962388392918e-10	FALSE	TRUE	FALSE	FALSE	TRUE	0.212997146657421
MSTRG.30184.5	NA	NA	lncRNA	0.620919421626735	1.47093211191756e-10	FALSE	TRUE	TRUE	TRUE	TRUE	0.236390600083916
MSTRG.7224.7	NA	NA	lncRNA	0.847065749577606	2.05315634560022e-10	FALSE	TRUE	FALSE	FALSE	TRUE	0.116188479753041
MSTRG.24107.36	NA	NA	lncRNA	0.98241806521316	4.63028197319204e-10	FALSE	TRUE	TRUE	TRUE	TRUE	0.0133949371318829
MSTRG.26335.34	NA	NA	lncRNA	-0.921339815579431	5.75803060968035e-10	FALSE	FALSE	FALSE	FALSE	TRUE	0.00571724125114617
MSTRG.18346.4	NA	NA	lncRNA	-1.2106726621591	8.17676791278061e-10	FALSE	TRUE	TRUE	TRUE	TRUE	0.285414138375027
MSTRG.3965.4	NA	NA	lncRNA	0.956068356696776	8.53825500060523e-10	FALSE	TRUE	TRUE	TRUE	TRUE	0.000782238057999921
MSTRG.18283.4	NA	NA	lncRNA	-0.810611875231122	8.70495857351703e-10	FALSE	FALSE	TRUE	FALSE	TRUE	0.0118048138477036
MSTRG.13482.1	NA	NA	lncRNA	3.26731255791422	1.00143693494244e-09	TRUE	FALSE	FALSE	FALSE	TRUE	0.132485902301694
MSTRG.29232.17	NA	NA	lncRNA	1.15380349544651	1.01124131347513e-09	FALSE	FALSE	FALSE	FALSE	TRUE	5.26915444695367e-05
MSTRG.4613.4	NA	NA	lncRNA	-0.763609738360212	1.31415018657674e-09	FALSE	TRUE	FALSE	FALSE	TRUE	0.0175740838021909
MSTRG.23829.16	NA	NA	lncRNA	0.842973398885397	1.58347632911456e-09	FALSE	TRUE	FALSE	FALSE	TRUE	2.22044604925031e-16
MSTRG.27869.1	NA	NA	lncRNA	5.69201455074792	1.71775406343766e-09	FALSE	TRUE	TRUE	TRUE	TRUE	0.0155351796093951
MSTRG.6343.2	NA	NA	lncRNA	1.04992515754768	1.71914961347342e-09	FALSE	FALSE	TRUE	FALSE	TRUE	0.0193920955746439
MSTRG.14063.3	NA	NA	lncRNA	0.673474765436771	1.78668447217554e-09	FALSE	TRUE	TRUE	TRUE	TRUE	0.151016034657534
MSTRG.22996.21	NA	NA	lncRNA	1.60969809025162	1.86867961078151e-09	FALSE	FALSE	TRUE	FALSE	TRUE	0.000268734869807383
MSTRG.14383.8	NA	NA	lncRNA	0.530080949116662	2.60752291096548e-09	FALSE	FALSE	FALSE	FALSE	TRUE	0.111933502726122
MSTRG.6949.7	NA	NA	lncRNA	-0.729187472320551	3.55272863239839e-09	FALSE	FALSE	TRUE	FALSE	TRUE	0.0224997802954588
MSTRG.26801.1	NA	NA	lncRNA	1.16041083731444	3.69035644575027e-09	FALSE	TRUE	TRUE	TRUE	TRUE	0.216980560757319
MSTRG.3899.1	NA	NA	lncRNA	1.15879951313058	3.8059339977802e-09	FALSE	FALSE	TRUE	FALSE	TRUE	0.00794438174740383
MSTRG.9771.2	NA	NA	lncRNA	1.0715402048824	5.21824972626889e-09	FALSE	TRUE	FALSE	FALSE	TRUE	0.03692379275671
MSTRG.1082.7	NA	NA	lncRNA	-1.22220931872748	5.22840021343615e-09	FALSE	FALSE	FALSE	FALSE	TRUE	0.117675258659055
MSTRG.3903.2	NA	NA	lncRNA	-1.09369531366122	5.29297219550025e-09	FALSE	TRUE	TRUE	TRUE	TRUE	0.00154403959367148
MSTRG.22999.2	NA	NA	lncRNA	1.8640316402548	5.76962547446723e-09	FALSE	FALSE	TRUE	FALSE	TRUE	0.0109112415668211
MSTRG.4497.12	NA	NA	lncRNA	-6.41450210915503	5.91075956816897e-09	FALSE	TRUE	TRUE	TRUE	TRUE	6.07842383263876e-11
MSTRG.27854.3	NA	NA	lncRNA	-0.624157185306387	6.29978744401605e-09	FALSE	TRUE	TRUE	TRUE	TRUE	0.00207288723017456
MSTRG.10231.2	NA	NA	lncRNA	-5.2981649693758	6.94854662430983e-09	FALSE	TRUE	FALSE	FALSE	TRUE	0.00386605060397837
MSTRG.21230.7	NA	NA	lncRNA	0.792608102671065	7.76650594687047e-09	FALSE	TRUE	TRUE	TRUE	TRUE	0.00978306218404318
MSTRG.17379.2	NA	NA	lncRNA	3.26933678547838	9.08760139003634e-09	FALSE	TRUE	TRUE	TRUE	TRUE	0.2382075514135
MSTRG.22326.12	NA	NA	lncRNA	0.657991109308827	1.03006760917132e-08	FALSE	TRUE	FALSE	FALSE	TRUE	0.155949924101733
MSTRG.10370.4	NA	NA	lncRNA	0.924565753600179	1.94968200316752e-08	FALSE	FALSE	TRUE	FALSE	TRUE	0.34219615157085
MSTRG.15152.2	NA	NA	lncRNA	-2.54431956568077	2.14418049437098e-08	FALSE	TRUE	FALSE	FALSE	TRUE	3.11664026202217e-06
MSTRG.18116.4	NA	NA	lncRNA	-0.971015413287409	2.42085820543892e-08	FALSE	TRUE	FALSE	FALSE	TRUE	0.00230153365011294
MSTRG.17926.5	NA	NA	lncRNA	-0.609962621487632	2.92894497831046e-08	FALSE	TRUE	TRUE	TRUE	TRUE	0.00922046974081014
MSTRG.1319.1	NA	NA	lncRNA	1.79607807532073	2.98847683747614e-08	TRUE	FALSE	FALSE	FALSE	TRUE	0.000207971313781938
MSTRG.20143.11	NA	NA	lncRNA	1.21248509937993	2.98847683747614e-08	FALSE	TRUE	TRUE	TRUE	TRUE	0.0329117899486898
MSTRG.11668.19	NA	NA	lncRNA	1.00687565342956	3.29962622482333e-08	FALSE	FALSE	TRUE	FALSE	TRUE	0.143655111459293
MSTRG.3965.9	NA	NA	lncRNA	-0.695367256513186	3.39533752996111e-08	FALSE	FALSE	TRUE	FALSE	TRUE	0.000871244944335049
MSTRG.29971.6	NA	NA	lncRNA	-1.49852980786999	3.70941135125781e-08	FALSE	TRUE	TRUE	TRUE	TRUE	0.346711870276759
MSTRG.3713.3	NA	NA	lncRNA	-1.73570106471123	3.8035520715621e-08	FALSE	FALSE	TRUE	FALSE	TRUE	0.00816700252875978
MSTRG.17433.9	NA	NA	lncRNA	-0.68550260869858	4.15518043310433e-08	FALSE	TRUE	TRUE	TRUE	TRUE	0.00177978852495639
MSTRG.26797.2	NA	NA	lncRNA	1.44786111406409	4.44565014561101e-08	TRUE	FALSE	FALSE	FALSE	TRUE	0.0335806985624416
MSTRG.8662.8	NA	NA	lncRNA	0.637387880711297	4.81413416679197e-08	FALSE	FALSE	TRUE	FALSE	TRUE	0.0228452241762509
MSTRG.18608.15	NA	NA	lncRNA	-0.785944534085333	6.5822948849114e-08	FALSE	FALSE	TRUE	FALSE	TRUE	0.0860440672302436
MSTRG.17212.18	NA	NA	lncRNA	-2.08734189607522	6.70842232353809e-08	FALSE	FALSE	TRUE	FALSE	TRUE	4.05100804359411e-09
MSTRG.13971.3	NA	NA	lncRNA	1.16896901462087	7.44827778843985e-08	FALSE	TRUE	TRUE	TRUE	TRUE	0.0238926830469096
MSTRG.15435.1	NA	NA	lncRNA	1.22028123566071	7.47021684067656e-08	FALSE	TRUE	FALSE	FALSE	TRUE	4.5670718623521e-05
MSTRG.18589.2	NA	NA	lncRNA	-0.525040373471939	8.58505759922403e-08	FALSE	FALSE	TRUE	FALSE	TRUE	0.338808320371183
MSTRG.5696.12	NA	NA	lncRNA	-0.428000228749353	9.43737002057282e-08	FALSE	FALSE	TRUE	FALSE	TRUE	0.21256762336027
MSTRG.25778.4	NA	NA	lncRNA	0.7459546551288	9.6624330132359e-08	FALSE	TRUE	FALSE	FALSE	TRUE	0.0960330047612933
MSTRG.22827.2	NA	NA	lncRNA	-0.543886199572486	1.17477965219732e-07	FALSE	TRUE	FALSE	FALSE	TRUE	0.0434852141350046
MSTRG.23609.1	NA	NA	lncRNA	-0.494519988899149	1.28263066120783e-07	FALSE	TRUE	FALSE	FALSE	TRUE	0.00268482504683679
MSTRG.22250.42	NA	NA	lncRNA	0.646443850367552	1.36087325735048e-07	FALSE	FALSE	FALSE	FALSE	TRUE	0.0102515093922146
MSTRG.4516.12	NA	NA	lncRNA	2.2062223000817	1.72611542234645e-07	FALSE	FALSE	FALSE	FALSE	TRUE	0.0270920577553418
MSTRG.5267.4	NA	NA	lncRNA	0.599455021200476	1.78865858837819e-07	FALSE	TRUE	TRUE	TRUE	TRUE	0.00197396424288261
MSTRG.27589.4	NA	NA	lncRNA	1.30957089498598	2.01517771607177e-07	FALSE	TRUE	FALSE	FALSE	TRUE	0.291889929669139
MSTRG.25053.5	NA	NA	lncRNA	1.46848991159995	2.08670121823499e-07	FALSE	FALSE	FALSE	FALSE	TRUE	0.00959807598469663
MSTRG.4650.1	NA	NA	lncRNA	0.957383316436441	2.15460478105022e-07	TRUE	FALSE	FALSE	FALSE	TRUE	0.000547888966131491
MSTRG.4355.4	NA	NA	lncRNA	0.674614652334349	2.17656056726249e-07	FALSE	TRUE	FALSE	FALSE	TRUE	0.0249975915963747
MSTRG.14187.6	NA	NA	lncRNA	0.985257225381208	2.2501757827272e-07	FALSE	TRUE	TRUE	TRUE	TRUE	0.00598875945217078
MSTRG.23905.3	NA	NA	lncRNA	5.08662833211211	2.38549813387762e-07	FALSE	TRUE	TRUE	TRUE	TRUE	0.0113172488495244
MSTRG.22410.5	NA	NA	lncRNA	-0.49830510554795	2.74466217203734e-07	FALSE	TRUE	TRUE	TRUE	TRUE	0.00246881569316392
MSTRG.21810.4	NA	NA	lncRNA	1.16000694821145	2.81342312685271e-07	FALSE	TRUE	TRUE	TRUE	TRUE	0.0420273937947394
MSTRG.27148.3	NA	NA	lncRNA	0.840912898321353	3.11267031204084e-07	FALSE	FALSE	TRUE	FALSE	TRUE	0.21968037442557
MSTRG.3408.4	NA	NA	lncRNA	-0.73696846447436	3.2295243420101e-07	FALSE	TRUE	TRUE	TRUE	TRUE	1.19291413083674e-06
MSTRG.19610.3	NA	NA	lncRNA	-1.24193879477613	3.29207956029027e-07	FALSE	FALSE	FALSE	FALSE	TRUE	0.0154301824726315
MSTRG.6653.1	NA	NA	lncRNA	-0.671806536291011	3.30595615989222e-07	FALSE	FALSE	TRUE	FALSE	TRUE	0.000943479474227869
MSTRG.1696.4	NA	NA	lncRNA	-0.871763695401569	3.43041243887755e-07	FALSE	TRUE	TRUE	TRUE	TRUE	0.0408203400049229
MSTRG.18752.3	NA	NA	lncRNA	-0.395716615341537	4.01727744131534e-07	FALSE	TRUE	TRUE	TRUE	TRUE	0.00592980027832291
MSTRG.3265.1	NA	NA	lncRNA	1.10014408138869	5.27167766959601e-07	FALSE	FALSE	FALSE	FALSE	TRUE	0.11492489607077
MSTRG.10442.10	NA	NA	lncRNA	1.03492262885239	5.60817674597199e-07	FALSE	FALSE	TRUE	FALSE	TRUE	0.0842612486832289
MSTRG.10828.7	NA	NA	lncRNA	0.638660372524403	6.31984378099418e-07	FALSE	TRUE	TRUE	TRUE	TRUE	0.0771386179508615
MSTRG.6119.1	NA	NA	lncRNA	1.06603984288352	6.74737004550203e-07	FALSE	FALSE	FALSE	FALSE	TRUE	0.0121966538922661
MSTRG.28922.24	NA	NA	lncRNA	0.864097003963947	7.24113966756634e-07	FALSE	TRUE	TRUE	TRUE	TRUE	0.350915416805444
MSTRG.22266.1	NA	NA	lncRNA	0.982368466724787	7.73031000017161e-07	FALSE	TRUE	FALSE	FALSE	TRUE	0.00402290654354916
MSTRG.14546.29	NA	NA	lncRNA	0.636778205548542	8.0299158591526e-07	FALSE	FALSE	TRUE	FALSE	TRUE	0.2920822796693
MSTRG.22464.10	NA	NA	lncRNA	1.95575787373872	8.83595266712662e-07	FALSE	FALSE	FALSE	FALSE	TRUE	0.154458388271768
MSTRG.15152.5	NA	NA	lncRNA	-3.0070377779165	8.92452122571756e-07	FALSE	FALSE	TRUE	FALSE	TRUE	3.10589283873653e-06
MSTRG.27403.7	NA	NA	lncRNA	-0.650079024404255	8.96870117564792e-07	FALSE	TRUE	FALSE	FALSE	TRUE	0.0412820698678715
MSTRG.3334.1	NA	NA	lncRNA	0.430829669031415	9.82208885230966e-07	FALSE	TRUE	TRUE	TRUE	TRUE	0.126503376731164
MSTRG.1224.1	NA	NA	lncRNA	1.25134043466136	1.01564427747681e-06	FALSE	FALSE	FALSE	FALSE	TRUE	0.0582460675103918
MSTRG.11249.7	NA	NA	lncRNA	0.652430533753853	1.07853200885193e-06	FALSE	TRUE	TRUE	TRUE	TRUE	4.85114091832036e-07
MSTRG.3481.1	NA	NA	lncRNA	0.583978934043356	1.20744102933824e-06	FALSE	FALSE	FALSE	FALSE	TRUE	0.0682736864939052
MSTRG.7267.2	NA	NA	lncRNA	1.00935527566948	1.65120012010241e-06	FALSE	FALSE	FALSE	FALSE	TRUE	0.0929542076817404
MSTRG.17924.1	NA	NA	lncRNA	-0.736840634844822	1.75307223354934e-06	FALSE	FALSE	FALSE	FALSE	TRUE	0.196211299744887
MSTRG.26215.1	NA	NA	lncRNA	-0.606041666264068	1.83568239839652e-06	FALSE	FALSE	FALSE	FALSE	TRUE	0.00485070291332145
MSTRG.17296.1	NA	NA	lncRNA	-1.13469202829165	1.88723718040787e-06	FALSE	TRUE	FALSE	FALSE	TRUE	0.0046323261606884
MSTRG.18802.4	NA	NA	lncRNA	-0.482843175737085	2.15905517199921e-06	FALSE	TRUE	TRUE	TRUE	TRUE	0.000929009732793799
MSTRG.29021.1	NA	NA	lncRNA	0.575339584057073	2.22293647772302e-06	FALSE	TRUE	FALSE	FALSE	TRUE	0.0152492953014535
MSTRG.17398.26	NA	NA	lncRNA	0.644227280375418	2.351659673294e-06	FALSE	FALSE	FALSE	FALSE	TRUE	0.00627851424840529
MSTRG.25506.2	NA	NA	lncRNA	5.44043780122288	2.41937297382831e-06	FALSE	TRUE	TRUE	TRUE	TRUE	0.067667900060576
MSTRG.1152.7	NA	NA	lncRNA	0.77425172835935	2.64364633473295e-06	FALSE	FALSE	FALSE	FALSE	TRUE	0.117463254074579
MSTRG.16475.2	NA	NA	lncRNA	-0.781410262558046	2.94441557065862e-06	FALSE	TRUE	TRUE	TRUE	TRUE	0.302205033927907
MSTRG.17585.1	NA	NA	lncRNA	-1.0813434219106	3.45972904767738e-06	FALSE	FALSE	FALSE	FALSE	TRUE	0.0871334059591813
MSTRG.30007.2	NA	NA	lncRNA	0.677969886910994	3.62719785478055e-06	FALSE	TRUE	FALSE	FALSE	TRUE	0.13203223124103
MSTRG.3772.4	NA	NA	lncRNA	-5.6229955409004	3.69110640054061e-06	FALSE	FALSE	TRUE	FALSE	TRUE	0.139945583121977
MSTRG.17727.2	NA	NA	lncRNA	-2.27667793863411	3.79094133575979e-06	TRUE	TRUE	FALSE	FALSE	TRUE	0.00860118871811363
MSTRG.9640.7	NA	NA	lncRNA	-0.453991438250726	4.08500365928128e-06	FALSE	TRUE	TRUE	TRUE	TRUE	0.0170521959486755
MSTRG.28889.1	NA	NA	lncRNA	1.28845363862562	4.68902021920138e-06	FALSE	TRUE	FALSE	FALSE	TRUE	0.0819477122170499
MSTRG.16004.1	NA	NA	lncRNA	2.69132812987521	4.75519471865922e-06	FALSE	FALSE	TRUE	FALSE	TRUE	0.232939433316864
MSTRG.21522.4	NA	NA	lncRNA	6.23638403507743	5.16597124229861e-06	FALSE	TRUE	TRUE	TRUE	TRUE	0.138853066007902
MSTRG.18563.7	NA	NA	lncRNA	-0.703909305779281	5.34095423770569e-06	FALSE	FALSE	FALSE	FALSE	TRUE	0.000964394773009775
MSTRG.8273.2	NA	NA	lncRNA	-0.906875213963735	5.65143084205387e-06	FALSE	TRUE	TRUE	TRUE	TRUE	0.0253738656263732
MSTRG.8118.4	NA	NA	lncRNA	-0.427383295999874	5.73955803665019e-06	FALSE	TRUE	TRUE	TRUE	TRUE	0.20456858795894
MSTRG.13860.22	NA	NA	lncRNA	4.54443699872216	5.94049371645678e-06	FALSE	TRUE	TRUE	TRUE	TRUE	0.0629431929164998
MSTRG.6061.9	NA	NA	lncRNA	1.57040324485761	5.97342951106874e-06	FALSE	TRUE	FALSE	FALSE	TRUE	0.0194619003188999
MSTRG.17495.5	NA	NA	lncRNA	0.974136558181811	6.01441425364779e-06	FALSE	FALSE	TRUE	FALSE	TRUE	0.0305655376057156
MSTRG.3698.1	NA	NA	lncRNA	-1.3563574174497	6.47051759723066e-06	FALSE	TRUE	FALSE	FALSE	TRUE	0.127276849845163
MSTRG.26440.3	NA	NA	lncRNA	0.987170710462564	6.67815744473722e-06	FALSE	TRUE	FALSE	FALSE	TRUE	0.140858698119357
MSTRG.17992.2	NA	NA	lncRNA	-0.552009899519363	6.81704709136082e-06	FALSE	TRUE	TRUE	TRUE	TRUE	0.00570596454939135
MSTRG.13654.3	NA	NA	lncRNA	0.706047376625603	6.88536591121134e-06	FALSE	TRUE	FALSE	FALSE	TRUE	0.135629428323914
MSTRG.8679.1	NA	NA	lncRNA	1.13565182959583	7.30148225543999e-06	FALSE	FALSE	FALSE	FALSE	TRUE	0.280283208529707
MSTRG.18203.1	NA	NA	lncRNA	-0.490508529130731	7.33647397606601e-06	FALSE	TRUE	FALSE	FALSE	TRUE	8.03735167503644e-05
MSTRG.6230.6	NA	NA	lncRNA	1.16279720753344	7.34784351284132e-06	FALSE	TRUE	FALSE	FALSE	TRUE	0.047050708882526
MSTRG.29196.1	NA	NA	lncRNA	-0.414426328611188	7.82199957163307e-06	FALSE	TRUE	FALSE	FALSE	TRUE	0.115224552004658
MSTRG.21977.9	NA	NA	lncRNA	1.50283378152272	7.97861156958555e-06	FALSE	FALSE	TRUE	FALSE	TRUE	0.0206971086761024
MSTRG.18237.1	NA	NA	lncRNA	-0.38354550150311	8.20046385631724e-06	FALSE	TRUE	FALSE	FALSE	TRUE	0.000964238906264398
MSTRG.5773.10	NA	NA	lncRNA	-0.868422183371612	8.7945515610943e-06	FALSE	FALSE	TRUE	FALSE	TRUE	0.292584890616554
MSTRG.8081.13	NA	NA	lncRNA	0.970448896116589	8.94309409201433e-06	FALSE	TRUE	FALSE	FALSE	TRUE	0.0364129871602549
MSTRG.26132.1	NA	NA	lncRNA	-0.600303272670097	9.37384844101962e-06	FALSE	TRUE	FALSE	FALSE	TRUE	0.164316465497514
MSTRG.25019.4	NA	NA	lncRNA	-6.08772118701981	9.87420238585881e-06	FALSE	FALSE	TRUE	FALSE	TRUE	0.00766576294950804
MSTRG.4904.4	NA	NA	lncRNA	-0.82972030975302	1.00259846452626e-05	FALSE	TRUE	FALSE	FALSE	TRUE	0.0978984515741665
MSTRG.4238.5	NA	NA	lncRNA	0.814599457897247	1.23521644405986e-05	FALSE	TRUE	FALSE	FALSE	TRUE	0.0275900610374943
MSTRG.9823.2	NA	NA	lncRNA	5.36037706193417	1.3281857406945e-05	FALSE	TRUE	TRUE	TRUE	TRUE	6.05321987316505e-06
MSTRG.17296.3	NA	NA	lncRNA	-0.878478380855601	1.32980608647654e-05	FALSE	FALSE	TRUE	FALSE	TRUE	0.000394594350734405
MSTRG.17475.4	NA	NA	lncRNA	-0.618355469570491	1.38015979903794e-05	FALSE	TRUE	TRUE	TRUE	TRUE	0.118061285280239
MSTRG.7261.1	NA	NA	lncRNA	1.08285036887673	1.38681833332095e-05	FALSE	TRUE	FALSE	FALSE	TRUE	0.0462232420108921
MSTRG.26894.2	NA	NA	lncRNA	-0.516237888030757	1.47975477125899e-05	FALSE	FALSE	FALSE	FALSE	TRUE	0.00459066338673917
MSTRG.22693.6	NA	NA	lncRNA	-1.51748094135982	1.63574530776325e-05	FALSE	TRUE	FALSE	FALSE	TRUE	7.30028374983053e-09
MSTRG.16424.1	NA	NA	lncRNA	-0.483221885257603	1.77062103455622e-05	FALSE	FALSE	TRUE	FALSE	TRUE	0.0306501533080007
MSTRG.3965.5	NA	NA	lncRNA	-0.456502420621251	1.80443046176001e-05	FALSE	FALSE	TRUE	FALSE	TRUE	0.000796116925657187
MSTRG.24683.4	NA	NA	lncRNA	-0.607404161546909	2.06979242796597e-05	FALSE	TRUE	FALSE	FALSE	TRUE	0.0119371935876055
MSTRG.19078.2	NA	NA	lncRNA	0.841780243710619	2.19060483753452e-05	FALSE	TRUE	TRUE	TRUE	TRUE	0.0102778145499193
MSTRG.23217.3	NA	NA	lncRNA	1.20438709681863	2.23694599684576e-05	FALSE	TRUE	TRUE	TRUE	TRUE	0.0360955956429204
MSTRG.26782.1	NA	NA	lncRNA	5.84814606489688	2.40964751505996e-05	FALSE	FALSE	TRUE	FALSE	TRUE	0.00768438379387627
MSTRG.29232.13	NA	NA	lncRNA	1.49922163244628	2.45735834178718e-05	FALSE	FALSE	FALSE	FALSE	TRUE	8.94398341230814e-06
MSTRG.22693.1	NA	NA	lncRNA	-5.81789623881225	2.67243421267264e-05	FALSE	TRUE	TRUE	TRUE	TRUE	7.11220275257515e-07
MSTRG.20966.6	NA	NA	lncRNA	-0.620817696152201	2.8046204976961e-05	FALSE	TRUE	TRUE	TRUE	TRUE	0.00172372303026258
MSTRG.18895.3	NA	NA	lncRNA	-0.541739194989883	2.81705447040627e-05	FALSE	TRUE	TRUE	TRUE	TRUE	0.00617121959613236
MSTRG.17913.3	NA	NA	lncRNA	-0.85543672691248	2.82901027633258e-05	FALSE	TRUE	FALSE	FALSE	TRUE	0.0068481124030099
MSTRG.12936.16	NA	NA	lncRNA	-1.0541884620242	2.85431036547962e-05	FALSE	TRUE	TRUE	TRUE	TRUE	0.303709989532255
MSTRG.12255.10	NA	NA	lncRNA	0.718277040501683	2.96558606756465e-05	FALSE	TRUE	FALSE	FALSE	TRUE	0.00245933207383705
MSTRG.10405.1	NA	NA	lncRNA	2.75819517487935	3.06119056699478e-05	FALSE	FALSE	FALSE	FALSE	TRUE	0.253175433467307
MSTRG.25053.4	NA	NA	lncRNA	0.831783846054416	3.07615959050257e-05	FALSE	FALSE	FALSE	FALSE	TRUE	0.0083852643326912
MSTRG.23819.1	NA	NA	lncRNA	0.677011600955303	3.11831090097176e-05	FALSE	TRUE	FALSE	FALSE	TRUE	0.0168153053056449
MSTRG.29270.1	NA	NA	lncRNA	1.43612735048569	3.2455166625726e-05	FALSE	FALSE	FALSE	FALSE	TRUE	2.51693494155851e-05
MSTRG.19610.2	NA	NA	lncRNA	1.50111228997877	3.26648554811146e-05	FALSE	FALSE	TRUE	FALSE	TRUE	0.0150850125519384
MSTRG.4790.3	NA	NA	lncRNA	0.57902791050576	3.32404947360685e-05	FALSE	TRUE	TRUE	TRUE	TRUE	0.00153788334714664
MSTRG.27419.6	NA	NA	lncRNA	0.595875831719228	3.43319844773063e-05	FALSE	TRUE	FALSE	FALSE	TRUE	0.307236684054634
MSTRG.11312.1	NA	NA	lncRNA	2.4132981487606	3.45515892793149e-05	FALSE	TRUE	TRUE	TRUE	TRUE	0.00441518454898319
MSTRG.7267.1	NA	NA	lncRNA	0.76408282871782	3.54374628063102e-05	FALSE	FALSE	FALSE	FALSE	TRUE	0.101102216644949
MSTRG.19256.1	NA	NA	lncRNA	0.695317947898753	4.18631401492476e-05	FALSE	FALSE	FALSE	FALSE	TRUE	0.00326187991096435
MSTRG.18935.28	NA	NA	lncRNA	-1.45139690838434	4.30115011567672e-05	FALSE	FALSE	FALSE	FALSE	TRUE	0.0935896688025772
MSTRG.4516.8	NA	NA	lncRNA	1.70525660389642	4.49306383823952e-05	FALSE	FALSE	FALSE	FALSE	TRUE	0.0116833037027327
MSTRG.17423.2	NA	NA	lncRNA	-0.550516945568366	4.94029707899315e-05	FALSE	TRUE	TRUE	TRUE	TRUE	0.00523872679891102
MSTRG.27245.5	NA	NA	lncRNA	0.877249040393105	5.13002069924959e-05	FALSE	FALSE	FALSE	FALSE	TRUE	0.123710255400959
MSTRG.6341.15	NA	NA	lncRNA	-0.546642875693979	5.18620636996672e-05	FALSE	TRUE	TRUE	TRUE	TRUE	0.230900322885669
MSTRG.18843.21	NA	NA	lncRNA	-0.776659812533874	5.20348119157816e-05	FALSE	TRUE	TRUE	TRUE	TRUE	0.00522235566645392
MSTRG.29735.5	NA	NA	lncRNA	-0.667124669242836	5.3837013619806e-05	FALSE	TRUE	TRUE	TRUE	TRUE	0.0550916158601355
MSTRG.21086.4	NA	NA	lncRNA	0.609126541422238	5.50434261703035e-05	FALSE	FALSE	TRUE	FALSE	TRUE	0.111702080363328
MSTRG.18807.1	NA	NA	lncRNA	-0.413658326100558	5.51582734250189e-05	FALSE	TRUE	FALSE	FALSE	TRUE	0.00198306118274366
MSTRG.4497.21	NA	NA	lncRNA	-1.44709482189042	5.75729573608983e-05	FALSE	TRUE	FALSE	FALSE	TRUE	3.51402190524552e-10
MSTRG.21936.4	NA	NA	lncRNA	0.740095011162831	5.86780094638038e-05	FALSE	FALSE	TRUE	FALSE	TRUE	0.0178201947137748
MSTRG.4238.6	NA	NA	lncRNA	0.960324208081143	5.88012188629036e-05	FALSE	TRUE	FALSE	FALSE	TRUE	0.0736037449275848
MSTRG.25268.1	NA	NA	lncRNA	3.06645317229111	5.88593638954289e-05	FALSE	TRUE	FALSE	FALSE	TRUE	0.0777048754056483
MSTRG.4244.2	NA	NA	lncRNA	0.92859844030368	5.96307611792618e-05	FALSE	TRUE	FALSE	FALSE	TRUE	0.132357158757986
MSTRG.25456.8	NA	NA	lncRNA	1.11718301764436	5.96670868587395e-05	FALSE	TRUE	TRUE	TRUE	TRUE	0.00151559506718528
MSTRG.29638.4	NA	NA	lncRNA	-0.738661546636355	6.49360570153544e-05	FALSE	TRUE	TRUE	TRUE	TRUE	0.0261125233096243
MSTRG.23558.6	NA	NA	lncRNA	0.646912779169095	6.8166361017961e-05	FALSE	TRUE	FALSE	FALSE	TRUE	0.16194818550219
MSTRG.18935.12	NA	NA	lncRNA	-1.42637938544532	7.2820500447141e-05	FALSE	TRUE	FALSE	FALSE	TRUE	0.290825049331936
MSTRG.4304.1	NA	NA	lncRNA	0.622158751726903	7.28697431032807e-05	FALSE	TRUE	FALSE	FALSE	TRUE	0.00253321024846196
MSTRG.14857.4	NA	NA	lncRNA	0.930786566304578	7.62979017370495e-05	FALSE	FALSE	FALSE	FALSE	TRUE	0.279138649557568
MSTRG.29006.8	NA	NA	lncRNA	-0.967235337786554	7.70340124681553e-05	FALSE	TRUE	TRUE	TRUE	TRUE	0.146135145154072
MSTRG.17740.5	NA	NA	lncRNA	-1.84353454816041	7.89862655824613e-05	FALSE	FALSE	TRUE	FALSE	TRUE	0.00199766603768389
MSTRG.15914.31	NA	NA	lncRNA	1.19668948742211	8.00580799884882e-05	FALSE	TRUE	TRUE	TRUE	TRUE	0.0285918047028269
MSTRG.18519.1	NA	NA	lncRNA	1.02913734277424	8.19634013981593e-05	FALSE	FALSE	TRUE	FALSE	TRUE	0.0532833850567691
MSTRG.14673.20	NA	NA	lncRNA	4.43258750998666	8.46649694237776e-05	FALSE	TRUE	FALSE	FALSE	TRUE	0.0383366158905768
MSTRG.19036.6	NA	NA	lncRNA	3.55265805338969	8.52808444338264e-05	FALSE	TRUE	TRUE	TRUE	TRUE	0.125236205099258
MSTRG.9933.3	NA	NA	lncRNA	-1.38986480540782	8.82919515834311e-05	FALSE	TRUE	TRUE	TRUE	TRUE	0.0026782451260135
MSTRG.3344.3	NA	NA	lncRNA	-0.95918777744492	8.99458360553153e-05	FALSE	TRUE	TRUE	TRUE	TRUE	0.0606047966299908
MSTRG.23840.2	NA	NA	lncRNA	-0.486360588154978	9.31418085642211e-05	FALSE	FALSE	TRUE	FALSE	TRUE	0.00915512170324348
MSTRG.27244.1	NA	NA	lncRNA	2.01056374567651	9.33721411626661e-05	FALSE	FALSE	FALSE	FALSE	TRUE	0.0766729322258718
MSTRG.26307.19	NA	NA	lncRNA	-2.86338476893201	9.64847677136751e-05	FALSE	TRUE	TRUE	TRUE	TRUE	0.0048641350113283
MSTRG.25053.6	NA	NA	lncRNA	0.663823868879918	0.000102690236304645	FALSE	FALSE	FALSE	FALSE	TRUE	0.00959807598469663
MSTRG.23707.1	NA	NA	lncRNA	0.549341226891634	0.000102929511964582	FALSE	TRUE	TRUE	TRUE	TRUE	0.0633218819438773
MSTRG.28521.5	NA	NA	lncRNA	4.21579368860867	0.000104329745445822	FALSE	TRUE	FALSE	FALSE	TRUE	0.0207748718648351
MSTRG.12451.8	NA	NA	lncRNA	-0.672385502946997	0.000107882234400763	FALSE	FALSE	FALSE	FALSE	TRUE	0.0301667445611511
MSTRG.10460.1	NA	NA	lncRNA	-4.85526710885155	0.000107997531476661	FALSE	FALSE	FALSE	FALSE	TRUE	0.0412796955603067
MSTRG.4717.6	NA	NA	lncRNA	-5.22662211749676	0.000111189922050968	FALSE	FALSE	TRUE	FALSE	TRUE	6.57417765568938e-05
MSTRG.18473.16	NA	NA	lncRNA	-1.07355089154236	0.000122677497094867	FALSE	TRUE	FALSE	FALSE	TRUE	5.85319304326592e-05
MSTRG.9248.1	NA	NA	lncRNA	0.62987792600163	0.000125996774916632	FALSE	FALSE	TRUE	FALSE	TRUE	0.139892303668204
MSTRG.21543.5	NA	NA	lncRNA	-0.582333468948473	0.000126071635698814	FALSE	TRUE	TRUE	TRUE	TRUE	0.0478170724190915
MSTRG.1620.1	NA	NA	lncRNA	-0.481433161596865	0.000127540789492463	FALSE	TRUE	FALSE	FALSE	TRUE	0.00110587063552268
MSTRG.21066.4	NA	NA	lncRNA	-0.311866677793416	0.000128726693735536	FALSE	TRUE	FALSE	FALSE	TRUE	0.0206108862990423
MSTRG.17409.13	NA	NA	lncRNA	-1.86496489660507	0.0001314127122322	FALSE	TRUE	TRUE	TRUE	TRUE	0.00702132023086078
MSTRG.7357.7	NA	NA	lncRNA	0.467600566160227	0.000134708501606813	FALSE	FALSE	FALSE	FALSE	TRUE	0.00247003397972043
MSTRG.19088.1	NA	NA	lncRNA	1.82435904953199	0.000138397571363853	FALSE	FALSE	TRUE	FALSE	TRUE	0.000741126193895302
MSTRG.23696.2	NA	NA	lncRNA	-0.807388531644039	0.000141708685818304	FALSE	TRUE	FALSE	FALSE	TRUE	0.0213771351265071
MSTRG.25813.1	NA	NA	lncRNA	-0.530827278042975	0.00014746424601694	FALSE	TRUE	FALSE	FALSE	TRUE	0.0138943626274024
MSTRG.5264.1	NA	NA	lncRNA	1.49335139984286	0.000151758905389717	TRUE	FALSE	FALSE	FALSE	TRUE	0.00211795800646234
MSTRG.26556.12	NA	NA	lncRNA	1.64033490287743	0.000156447009153451	FALSE	TRUE	TRUE	TRUE	TRUE	0.0229878664360391
MSTRG.5773.5	NA	NA	lncRNA	-5.55240150244604	0.000157360103349683	FALSE	TRUE	TRUE	TRUE	TRUE	0.000235324729232304
MSTRG.24074.1	NA	NA	lncRNA	0.871377651472023	0.000159111900987882	FALSE	TRUE	FALSE	FALSE	TRUE	0.359699874738989
MSTRG.28581.1	NA	NA	lncRNA	-0.52474372969018	0.000160310349715214	FALSE	TRUE	FALSE	FALSE	TRUE	0.125537283995807
MSTRG.9407.25	NA	NA	lncRNA	-0.476308057043458	0.00016104935771793	FALSE	FALSE	TRUE	FALSE	TRUE	0.108149976833052
MSTRG.6171.5	NA	NA	lncRNA	-0.649208631920258	0.000161487983761523	FALSE	TRUE	TRUE	TRUE	TRUE	0.296578224030937
MSTRG.5927.1	NA	NA	lncRNA	-3.19728055977108	0.000173886419962981	FALSE	TRUE	TRUE	TRUE	TRUE	0.165063393386852
MSTRG.7881.14	NA	NA	lncRNA	1.05490866651639	0.000174095444293063	FALSE	FALSE	TRUE	FALSE	TRUE	0.0973166965771851
MSTRG.2767.2	NA	NA	lncRNA	-0.533588115651445	0.000175881598472504	FALSE	TRUE	TRUE	TRUE	TRUE	0.0173338491768953
MSTRG.2426.3	NA	NA	lncRNA	-0.375413524804451	0.000178162213008491	FALSE	FALSE	TRUE	FALSE	TRUE	3.53173695985539e-05
MSTRG.25147.1	NA	NA	lncRNA	0.623619583428522	0.000187614745643761	FALSE	TRUE	TRUE	TRUE	TRUE	0.00676949318177395
MSTRG.29281.12	NA	NA	lncRNA	0.650053202196093	0.000189658698441011	FALSE	TRUE	FALSE	FALSE	TRUE	0.0115293145009935
MSTRG.1696.3	NA	NA	lncRNA	-0.903764422853708	0.000195809935251081	FALSE	FALSE	FALSE	FALSE	TRUE	0.0343664801274441
MSTRG.10299.9	NA	NA	lncRNA	-1.12655767487878	0.000200894565501285	FALSE	TRUE	FALSE	FALSE	TRUE	0.338395882354944
MSTRG.2713.1	NA	NA	lncRNA	3.50295300555242	0.000204385216380181	FALSE	FALSE	FALSE	FALSE	TRUE	0.131510072662811
MSTRG.17296.9	NA	NA	lncRNA	-0.887339722720895	0.000216080960766988	FALSE	FALSE	TRUE	FALSE	TRUE	0.0150443902777576
MSTRG.10420.1	NA	NA	lncRNA	0.771594439869173	0.000219659478980876	FALSE	FALSE	FALSE	FALSE	TRUE	0.027141615333995
MSTRG.17275.1	NA	NA	lncRNA	-0.426322088591896	0.00022018549288032	FALSE	TRUE	TRUE	TRUE	TRUE	0.0120748741853785
MSTRG.15435.8	NA	NA	lncRNA	0.913283713056157	0.000225840894585673	FALSE	TRUE	FALSE	FALSE	TRUE	0.0107253986793406
MSTRG.1696.2	NA	NA	lncRNA	-1.20854953602105	0.000227555082045291	FALSE	FALSE	FALSE	FALSE	TRUE	0.03369241011461
MSTRG.26705.2	NA	NA	lncRNA	-0.49679480365282	0.000230486097133235	FALSE	TRUE	TRUE	TRUE	TRUE	0.0172937838361516
MSTRG.17296.11	NA	NA	lncRNA	-1.04955944314556	0.000238144054011312	FALSE	FALSE	TRUE	FALSE	TRUE	0.0339681938223065
MSTRG.24795.7	NA	NA	lncRNA	0.978554621635099	0.000241349751139712	FALSE	FALSE	TRUE	FALSE	TRUE	0.000865923111643524
MSTRG.7228.27	NA	NA	lncRNA	2.65456792780876	0.00024875092357186	FALSE	FALSE	TRUE	FALSE	TRUE	0.00899234575401636
MSTRG.7872.5	NA	NA	lncRNA	1.15923400563189	0.00024875092357186	FALSE	TRUE	FALSE	FALSE	TRUE	0.0308124761083539
MSTRG.18634.5	NA	NA	lncRNA	-0.529174979081071	0.000251210062975396	FALSE	TRUE	FALSE	FALSE	TRUE	0.0346323569619896
MSTRG.7769.37	NA	NA	lncRNA	0.503779854777071	0.000255274201912663	FALSE	TRUE	TRUE	TRUE	TRUE	0.0287666635277366
MSTRG.21942.3	NA	NA	lncRNA	-0.745814609649351	0.000259147341398039	FALSE	TRUE	TRUE	TRUE	TRUE	0.146395804750421
MSTRG.27964.3	NA	NA	lncRNA	0.433039687273631	0.000259212358771325	FALSE	TRUE	TRUE	TRUE	TRUE	1.10569609137251e-07
MSTRG.5079.1	NA	NA	lncRNA	-0.601880006133143	0.000272323028088133	FALSE	TRUE	TRUE	TRUE	TRUE	0.209807012737274
MSTRG.1578.2	NA	NA	lncRNA	0.734279860568558	0.000291322774006847	FALSE	FALSE	TRUE	FALSE	TRUE	0.0534693149002561
MSTRG.3548.13	NA	NA	lncRNA	0.764992007212519	0.000297431296809998	FALSE	TRUE	TRUE	TRUE	TRUE	0.103838373101266
MSTRG.11916.4	NA	NA	lncRNA	0.601833895937587	0.000297783961418265	FALSE	TRUE	FALSE	FALSE	TRUE	0.114340192905174
MSTRG.9344.1	NA	NA	lncRNA	0.756074239122215	0.000310253017712847	TRUE	TRUE	TRUE	TRUE	TRUE	0.00666857868178258
MSTRG.23984.2	NA	NA	lncRNA	1.13969306676944	0.000321736531830092	FALSE	FALSE	TRUE	FALSE	TRUE	0.000354971132644493
MSTRG.30257.4	NA	NA	lncRNA	-0.320069132909487	0.000328110962603194	FALSE	TRUE	TRUE	TRUE	TRUE	0.0041732617336883
MSTRG.31057.3	NA	NA	lncRNA	1.795935456617	0.000334174860546751	FALSE	FALSE	FALSE	FALSE	TRUE	0.152433020607654
MSTRG.19305.2	NA	NA	lncRNA	3.87446931529124	0.000380111511334299	FALSE	FALSE	TRUE	FALSE	TRUE	0.278232076185173
MSTRG.2002.10	NA	NA	lncRNA	0.608079142097397	0.000380138320671669	FALSE	FALSE	FALSE	FALSE	TRUE	0.0604161543652256
MSTRG.23405.6	NA	NA	lncRNA	-1.35183906456178	0.000382453090220084	FALSE	TRUE	TRUE	TRUE	TRUE	6.94632009805973e-08
MSTRG.30060.1	NA	NA	lncRNA	0.823627068942422	0.000386822483084501	FALSE	TRUE	FALSE	FALSE	TRUE	0.10693250630742
MSTRG.5963.3	NA	NA	lncRNA	-0.364209309395542	0.000386822483084501	FALSE	TRUE	TRUE	TRUE	TRUE	4.42695752458904e-05
MSTRG.22500.3	NA	NA	lncRNA	0.726388489429445	0.000391859618623546	FALSE	TRUE	TRUE	TRUE	TRUE	0.00563836491018147
MSTRG.3128.5	NA	NA	lncRNA	1.32753480898673	0.000395926718410403	FALSE	TRUE	TRUE	TRUE	TRUE	0.307860769963915
MSTRG.31057.1	NA	NA	lncRNA	1.68273732891013	0.000409238992322041	FALSE	FALSE	FALSE	FALSE	TRUE	0.0732774745210327
MSTRG.13934.2	NA	NA	lncRNA	-0.305360828412636	0.000409439744345316	FALSE	TRUE	FALSE	FALSE	TRUE	0.0167428935194299
MSTRG.25608.8	NA	NA	lncRNA	-0.988319293030309	0.000415736736380282	FALSE	TRUE	TRUE	TRUE	TRUE	0.000878713853211599
MSTRG.1858.3	NA	NA	lncRNA	-0.509512013628242	0.000422842214336018	FALSE	TRUE	FALSE	FALSE	TRUE	0.190357634746651
MSTRG.8597.7	NA	NA	lncRNA	-0.493414636448874	0.000423032768747767	FALSE	TRUE	TRUE	TRUE	TRUE	0.237168847934735
MSTRG.7901.1	NA	NA	lncRNA	0.892036308734688	0.000424225745424479	FALSE	FALSE	TRUE	FALSE	TRUE	0.132118613469162
MSTRG.13460.27	NA	NA	lncRNA	1.75406613089223	0.000448752894109446	FALSE	FALSE	TRUE	FALSE	TRUE	0.000150184795943448
MSTRG.8302.3	NA	NA	lncRNA	1.23283753516799	0.000449024342869353	FALSE	TRUE	FALSE	FALSE	TRUE	0.137899300689553
MSTRG.28058.15	NA	NA	lncRNA	-0.796798217677391	0.000452927041922731	FALSE	TRUE	FALSE	FALSE	TRUE	0.0007408731950979
MSTRG.17997.3	NA	NA	lncRNA	-0.39341426688423	0.000457805352532738	FALSE	TRUE	TRUE	TRUE	TRUE	0.0012409765026269
MSTRG.7872.3	NA	NA	lncRNA	0.884388413690311	0.000476796467018306	FALSE	FALSE	TRUE	FALSE	TRUE	0.051838402101024
MSTRG.916.1	NA	NA	lncRNA	0.712083823441805	0.000481104470763693	FALSE	FALSE	FALSE	FALSE	TRUE	0.101961576568533
MSTRG.25824.10	NA	NA	lncRNA	0.973752586979522	0.000502235324081844	FALSE	FALSE	FALSE	FALSE	TRUE	0.00292331040901152
MSTRG.22998.1	NA	NA	lncRNA	3.15461631376992	0.000502343689118366	TRUE	FALSE	FALSE	FALSE	TRUE	0.0260723899071735
MSTRG.27163.5	NA	NA	lncRNA	0.689932306827487	0.000504831244090616	FALSE	TRUE	TRUE	TRUE	TRUE	0.189912581607057
MSTRG.17095.1	NA	NA	lncRNA	-0.742941551908579	0.000517135178608516	FALSE	TRUE	FALSE	FALSE	TRUE	9.36056408791671e-05
MSTRG.20612.1	NA	NA	lncRNA	0.68665577295703	0.000544323620781548	FALSE	TRUE	FALSE	FALSE	TRUE	0.0486837382083113
MSTRG.13877.4	NA	NA	lncRNA	0.394494165229364	0.000573697648797139	FALSE	TRUE	FALSE	FALSE	TRUE	0.0771025241336854
MSTRG.25111.2	NA	NA	lncRNA	0.786459485348031	0.000590765490848469	FALSE	TRUE	FALSE	FALSE	TRUE	0.000311561281361397
MSTRG.18585.7	NA	NA	lncRNA	-0.335884081172636	0.000593799575137901	FALSE	TRUE	FALSE	FALSE	TRUE	0.0592403443641909
MSTRG.23602.2	NA	NA	lncRNA	-1.55796549885274	0.000628565867392821	FALSE	FALSE	FALSE	FALSE	TRUE	0.231871700730272
MSTRG.13334.1	NA	NA	lncRNA	1.03765644217697	0.00066802349038265	FALSE	FALSE	TRUE	FALSE	TRUE	0.0630411775694278
MSTRG.13345.23	NA	NA	lncRNA	0.700836540171747	0.000669632921094367	FALSE	TRUE	FALSE	FALSE	TRUE	0.0397175662062393
MSTRG.24311.1	NA	NA	lncRNA	2.71114611107175	0.000710961174061519	FALSE	FALSE	FALSE	FALSE	TRUE	0.00408364626837256
MSTRG.24442.1	NA	NA	lncRNA	3.14007952011931	0.0007291295404249	FALSE	TRUE	FALSE	FALSE	TRUE	0.287996477069558
MSTRG.18113.3	NA	NA	lncRNA	-0.555788564095293	0.000741838436462028	FALSE	TRUE	TRUE	TRUE	TRUE	0.107910836045979
MSTRG.12442.3	NA	NA	lncRNA	-0.297152212547245	0.000746145319604709	FALSE	TRUE	TRUE	TRUE	TRUE	0.0135872618185177
MSTRG.9010.1	NA	NA	lncRNA	-0.507998593719162	0.000749741612812876	FALSE	TRUE	FALSE	FALSE	TRUE	0.0146928224279937
MSTRG.18935.5	NA	NA	lncRNA	-0.813397942442603	0.00076321349372699	FALSE	TRUE	FALSE	FALSE	TRUE	0.290565017333192
MSTRG.21573.6	NA	NA	lncRNA	4.91401153650422	0.000782772651805641	FALSE	TRUE	TRUE	TRUE	TRUE	0.209254203477166
MSTRG.23000.5	NA	NA	lncRNA	3.65220013132895	0.000783873364785431	FALSE	FALSE	FALSE	FALSE	TRUE	0.000419228610639844
MSTRG.16259.15	NA	NA	lncRNA	0.478612563617858	0.000817877024702166	FALSE	FALSE	FALSE	FALSE	TRUE	0.140759073946587
MSTRG.8362.7	NA	NA	lncRNA	0.92994533713664	0.000887519159847144	FALSE	FALSE	TRUE	FALSE	TRUE	0.0030056803174279
MSTRG.14638.6	NA	NA	lncRNA	1.32100907357134	0.000889130841660641	FALSE	TRUE	FALSE	FALSE	TRUE	0.245843455510714
MSTRG.13882.8	NA	NA	lncRNA	-0.823290240895251	0.000905417236675167	FALSE	TRUE	FALSE	FALSE	TRUE	0.0516806458531106
MSTRG.8610.8	NA	NA	lncRNA	-5.37865911671028	0.00093894942909133	FALSE	TRUE	TRUE	TRUE	TRUE	0.0237129291847257
MSTRG.27163.4	NA	NA	lncRNA	0.565257986873194	0.000947567536076926	FALSE	TRUE	FALSE	FALSE	TRUE	0.1195927170864
MSTRG.5360.1	NA	NA	lncRNA	-2.41906603455436	0.00110975427622934	TRUE	TRUE	FALSE	FALSE	TRUE	0.0167465347224995
MSTRG.1757.2	NA	NA	lncRNA	-3.7846955042042	0.00112476291575751	FALSE	FALSE	FALSE	FALSE	TRUE	0.0498439189884977
MSTRG.18092.3	NA	NA	lncRNA	-1.27041062418492	0.00115124965778346	FALSE	TRUE	FALSE	FALSE	TRUE	0.290340484429638
MSTRG.8299.1	NA	NA	lncRNA	1.09576128597105	0.00116588962175326	FALSE	FALSE	FALSE	FALSE	TRUE	0.0158570226857303
MSTRG.18163.4	NA	NA	lncRNA	-1.45953981706767	0.00120414020794442	FALSE	TRUE	TRUE	TRUE	TRUE	0.160735300713274
MSTRG.21838.8	NA	NA	lncRNA	-0.294450606157749	0.00126424273153369	FALSE	TRUE	TRUE	TRUE	TRUE	0.0338556938145118
MSTRG.23137.1	NA	NA	lncRNA	0.6481496868509	0.00128859076351981	FALSE	TRUE	TRUE	TRUE	TRUE	0.0202412139304207
MSTRG.16259.13	NA	NA	lncRNA	0.431282421322605	0.001293949799294	FALSE	FALSE	FALSE	FALSE	TRUE	0.0369642541300111
MSTRG.28088.1	NA	NA	lncRNA	1.03563245430458	0.00131974712679337	FALSE	FALSE	FALSE	FALSE	TRUE	0.0212119477078255
MSTRG.25650.1	NA	NA	lncRNA	-0.330620600152288	0.00132679020499257	FALSE	TRUE	FALSE	FALSE	TRUE	0.171739085700541
MSTRG.4181.2	NA	NA	lncRNA	0.37486572782257	0.00132699855453944	FALSE	FALSE	FALSE	FALSE	TRUE	0.129642335691711
MSTRG.19597.3	NA	NA	lncRNA	2.58296327675319	0.00137213069493348	FALSE	TRUE	TRUE	TRUE	TRUE	0.00489201589765961
MSTRG.24099.3	NA	NA	lncRNA	-4.0468675690393	0.00139937748731932	FALSE	FALSE	TRUE	FALSE	TRUE	1.61708802905755e-13
MSTRG.27869.3	NA	NA	lncRNA	1.76743234787123	0.00139955052102469	FALSE	FALSE	FALSE	FALSE	TRUE	0.0167457909480804
MSTRG.29439.7	NA	NA	lncRNA	2.22131253886571	0.00140780975692947	FALSE	FALSE	FALSE	FALSE	TRUE	0.00892562404909406
MSTRG.16004.18	NA	NA	lncRNA	4.29418658054518	0.00140903723654872	FALSE	FALSE	TRUE	FALSE	TRUE	0.0395068609745431
MSTRG.17518.1	NA	NA	lncRNA	0.907871451259845	0.00142677513231654	FALSE	FALSE	FALSE	FALSE	TRUE	0.153618775170955
MSTRG.8662.1	NA	NA	lncRNA	0.405234064916383	0.00143480064588685	FALSE	FALSE	TRUE	FALSE	TRUE	0.00918295560996496
MSTRG.29192.4	NA	NA	lncRNA	0.884075563136704	0.00143726523107985	FALSE	FALSE	TRUE	FALSE	TRUE	0.000132988513898385
MSTRG.31060.1	NA	NA	lncRNA	2.08920111484866	0.00146014292160602	FALSE	FALSE	FALSE	FALSE	TRUE	0.0734713310129631
MSTRG.24554.8	NA	NA	lncRNA	4.19875137130984	0.00148872578044024	FALSE	TRUE	TRUE	TRUE	TRUE	1.21467957953616e-09
MSTRG.26559.2	NA	NA	lncRNA	0.800259419571665	0.00150464970730433	FALSE	TRUE	TRUE	TRUE	TRUE	0.00056796808743307
MSTRG.23851.6	NA	NA	lncRNA	-0.679554866629546	0.00150698390577368	FALSE	FALSE	FALSE	FALSE	TRUE	0.249139548903432
MSTRG.2802.2	NA	NA	lncRNA	0.604373354242241	0.00151763788190865	FALSE	TRUE	TRUE	TRUE	TRUE	0.00872681109529756
MSTRG.3168.3	NA	NA	lncRNA	-0.387403353614613	0.00152213641999449	FALSE	TRUE	TRUE	TRUE	TRUE	0.0250986540117416
MSTRG.10934.9	NA	NA	lncRNA	0.597496208548241	0.00155980436976264	FALSE	FALSE	TRUE	FALSE	TRUE	3.03645523679873e-06
MSTRG.17295.1	NA	NA	lncRNA	-1.01632456855599	0.00156306622594411	FALSE	TRUE	FALSE	FALSE	TRUE	0.0616974253334189
MSTRG.4613.9	NA	NA	lncRNA	-0.413212197064769	0.00156345136725938	FALSE	TRUE	FALSE	FALSE	TRUE	0.110823878224078
MSTRG.25125.13	NA	NA	lncRNA	1.14613238642708	0.00160760311690046	FALSE	FALSE	TRUE	FALSE	TRUE	0.000801878618849914
MSTRG.5637.10	NA	NA	lncRNA	-0.259917657124473	0.00163231125114381	FALSE	FALSE	TRUE	FALSE	TRUE	0.119792294748671
MSTRG.8427.8	NA	NA	lncRNA	0.623186606203675	0.00165632352175311	FALSE	FALSE	FALSE	FALSE	TRUE	0.0383611639688931
MSTRG.10.5	NA	NA	lncRNA	-0.497562428069039	0.00166446505563603	TRUE	FALSE	FALSE	FALSE	TRUE	0.296071923631683
MSTRG.7009.2	NA	NA	lncRNA	0.737933886896966	0.00167248034632108	FALSE	FALSE	TRUE	FALSE	TRUE	0.0743041660646488
MSTRG.30731.1	NA	NA	lncRNA	0.484530304062433	0.00172636435733397	TRUE	FALSE	FALSE	FALSE	TRUE	0.0789395824971833
MSTRG.22320.3	NA	NA	lncRNA	0.51630511478887	0.00175919565542738	FALSE	TRUE	TRUE	TRUE	TRUE	0.00128711776216809
MSTRG.10244.3	NA	NA	lncRNA	0.602787831612938	0.00178208069823895	TRUE	FALSE	FALSE	FALSE	TRUE	0.232599753723471
MSTRG.1089.1	NA	NA	lncRNA	-0.484142091066719	0.00178946480847	FALSE	FALSE	FALSE	FALSE	TRUE	0.000271924013195396
MSTRG.27633.16	NA	NA	lncRNA	-0.50185121949885	0.00182281285718705	FALSE	TRUE	FALSE	FALSE	TRUE	0.00652578652384255
MSTRG.24579.3	NA	NA	lncRNA	-5.54645432136368	0.00185892845385874	FALSE	TRUE	TRUE	TRUE	TRUE	0.00208197082237234
MSTRG.28016.1	NA	NA	lncRNA	0.833019978768971	0.00193227326254523	TRUE	FALSE	TRUE	FALSE	TRUE	0.00756597246794035
MSTRG.24896.2	NA	NA	lncRNA	-1.27130749965454	0.00196251712352308	FALSE	TRUE	TRUE	TRUE	TRUE	0.171994249345094
MSTRG.16188.1	NA	NA	lncRNA	-3.38074915884258	0.00197605033371643	FALSE	FALSE	FALSE	FALSE	TRUE	0.0404626805905939
MSTRG.8713.2	NA	NA	lncRNA	0.548489332548351	0.00202160325718388	FALSE	FALSE	TRUE	FALSE	TRUE	0.319199577078973
MSTRG.25053.3	NA	NA	lncRNA	0.901225736334735	0.00211659105302698	FALSE	FALSE	FALSE	FALSE	TRUE	0.00824375893293051
MSTRG.4608.3	NA	NA	lncRNA	0.629742978085903	0.00212757948165728	FALSE	TRUE	FALSE	FALSE	TRUE	0.00430798953948946
MSTRG.29585.4	NA	NA	lncRNA	-1.96109767292297	0.00212933765347528	FALSE	TRUE	TRUE	TRUE	TRUE	0.113185291516251
MSTRG.4372.5	NA	NA	lncRNA	0.735454096621255	0.00217340186789581	FALSE	FALSE	TRUE	FALSE	TRUE	2.57548230048011e-11
MSTRG.16689.2	NA	NA	lncRNA	1.37219265676883	0.00222166505407892	FALSE	TRUE	TRUE	TRUE	TRUE	0.0853084487392084
MSTRG.23847.1	NA	NA	lncRNA	0.444884209762061	0.00225695081863324	FALSE	TRUE	FALSE	FALSE	TRUE	0.12732620538524
MSTRG.29638.3	NA	NA	lncRNA	-0.76206249788251	0.00225833739248177	FALSE	TRUE	TRUE	TRUE	TRUE	0.0261125233096243
MSTRG.21707.13	NA	NA	lncRNA	-0.356884157350294	0.00230380339860404	FALSE	TRUE	FALSE	FALSE	TRUE	0.279303671000637
MSTRG.17913.2	NA	NA	lncRNA	-0.456097188309178	0.00231758138801524	FALSE	TRUE	TRUE	TRUE	TRUE	0.00350606657686081
MSTRG.19165.4	NA	NA	lncRNA	0.330619974068828	0.0023315583930472	FALSE	TRUE	TRUE	TRUE	TRUE	0.0225816253355778
MSTRG.21785.11	NA	NA	lncRNA	-0.392971068508963	0.00238001451387528	FALSE	TRUE	FALSE	FALSE	TRUE	0.0102351237842937
MSTRG.25053.2	NA	NA	lncRNA	1.07124262935143	0.00246326235043848	FALSE	FALSE	FALSE	FALSE	TRUE	0.00834523844691473
MSTRG.6813.2	NA	NA	lncRNA	0.449551030055934	0.00246422889282414	FALSE	TRUE	TRUE	TRUE	TRUE	0.0171373565671843
MSTRG.1764.2	NA	NA	lncRNA	0.46859834584758	0.00249961184724833	FALSE	TRUE	TRUE	TRUE	TRUE	0.00589240414566637
MSTRG.18802.2	NA	NA	lncRNA	-0.381529498635638	0.00251163202583483	FALSE	TRUE	FALSE	FALSE	TRUE	0.000718071029191526
MSTRG.19242.2	NA	NA	lncRNA	0.843636880639565	0.00251310453977386	FALSE	TRUE	FALSE	FALSE	TRUE	0.0358204104806847
MSTRG.20446.4	NA	NA	lncRNA	-0.326158189203091	0.00253285140665439	FALSE	TRUE	TRUE	TRUE	TRUE	0.000295121181701377
MSTRG.25660.1	NA	NA	lncRNA	-0.541913368925441	0.0025378932492154	FALSE	TRUE	FALSE	FALSE	TRUE	0.16947402063076
MSTRG.22861.2	NA	NA	lncRNA	-1.0467746609859	0.00256120730944039	FALSE	TRUE	FALSE	FALSE	TRUE	0.0963664574056312
MSTRG.9609.10	NA	NA	lncRNA	0.760393726436908	0.00259407259602522	FALSE	TRUE	FALSE	FALSE	TRUE	0.0203938763422264
MSTRG.1050.1	NA	NA	lncRNA	0.72608578832389	0.00260856602772883	FALSE	FALSE	FALSE	FALSE	TRUE	0.0125699973275013
MSTRG.7454.2	NA	NA	lncRNA	0.72608578832389	0.00260856602772883	FALSE	TRUE	TRUE	TRUE	TRUE	0.0125699973275013
MSTRG.17546.38	NA	NA	lncRNA	-0.409640461136847	0.00261100685684573	FALSE	TRUE	TRUE	TRUE	TRUE	0.0290426534418114
MSTRG.22643.3	NA	NA	lncRNA	0.346606101528049	0.00273084961585998	FALSE	FALSE	TRUE	FALSE	TRUE	0.0207514060518487
MSTRG.26650.6	NA	NA	lncRNA	-1.35218152248179	0.00276938132271821	FALSE	FALSE	TRUE	FALSE	TRUE	5.88117038615745e-08
MSTRG.11380.3	NA	NA	lncRNA	-0.361860233124283	0.00280496260985136	FALSE	TRUE	FALSE	FALSE	TRUE	0.00145669031215457
MSTRG.21441.9	NA	NA	lncRNA	-3.69581443138	0.00281071933159387	FALSE	TRUE	TRUE	TRUE	TRUE	0.181610176134411
MSTRG.5856.11	NA	NA	lncRNA	1.83193514569291	0.002932666479807	FALSE	TRUE	TRUE	TRUE	TRUE	0.0534477188784483
MSTRG.17126.6	NA	NA	lncRNA	-1.15790896967982	0.00297030596541881	FALSE	TRUE	TRUE	TRUE	TRUE	0.00150901161610102
MSTRG.18585.6	NA	NA	lncRNA	-4.37799850110864	0.00298059865517698	FALSE	TRUE	FALSE	FALSE	TRUE	0.0590846906224887
MSTRG.26311.5	NA	NA	lncRNA	0.606639309465157	0.00303161452926601	FALSE	FALSE	TRUE	FALSE	TRUE	0.0121083306381246
MSTRG.9648.12	NA	NA	lncRNA	-1.53851921547318	0.00311913449983756	FALSE	TRUE	TRUE	TRUE	TRUE	0.032910070256522
MSTRG.14694.3	NA	NA	lncRNA	1.93268757400713	0.00318190403784308	FALSE	TRUE	TRUE	TRUE	TRUE	0.129195399824083
MSTRG.4244.6	NA	NA	lncRNA	1.34264088015873	0.00322440528875446	FALSE	TRUE	FALSE	FALSE	TRUE	0.0126402489030102
MSTRG.8424.28	NA	NA	lncRNA	0.352049381583428	0.00324365862722283	FALSE	TRUE	FALSE	FALSE	TRUE	0.00134895328080295
MSTRG.5622.5	NA	NA	lncRNA	0.628763589411661	0.0032513258637597	FALSE	TRUE	FALSE	FALSE	TRUE	0.0151312558809551
MSTRG.9473.5	NA	NA	lncRNA	-0.458908764298537	0.0033161499288043	FALSE	TRUE	TRUE	TRUE	TRUE	0.00841659621311621
MSTRG.8711.2	NA	NA	lncRNA	0.690633735184638	0.00332243065934103	FALSE	FALSE	TRUE	FALSE	TRUE	0.314283065882105
MSTRG.24176.7	NA	NA	lncRNA	-5.0061669824375	0.00339775236373368	FALSE	TRUE	TRUE	TRUE	TRUE	0.00105480801784565
MSTRG.19544.2	NA	NA	lncRNA	-0.50130512008593	0.00344073315465467	FALSE	TRUE	FALSE	FALSE	TRUE	0.0463993487251037
MSTRG.7134.16	NA	NA	lncRNA	1.17432198077253	0.00349454167369821	FALSE	TRUE	FALSE	FALSE	TRUE	0.114986979355819
MSTRG.3219.1	NA	NA	lncRNA	0.531241671399096	0.00368614063903231	FALSE	FALSE	FALSE	FALSE	TRUE	0.0336991088442219
MSTRG.11184.3	NA	NA	lncRNA	0.305663571769096	0.00371381858562066	FALSE	TRUE	TRUE	TRUE	TRUE	0.00036978284323593
MSTRG.23000.10	NA	NA	lncRNA	4.35113734898336	0.00375249041706106	FALSE	FALSE	FALSE	FALSE	TRUE	0.00274748767045771
MSTRG.8940.3	NA	NA	lncRNA	-0.447959973659682	0.00376406989777279	FALSE	TRUE	TRUE	TRUE	TRUE	0.031560501888709
MSTRG.20335.13	NA	NA	lncRNA	0.601362802966964	0.00376678389335422	FALSE	TRUE	TRUE	TRUE	TRUE	0.12337989968267
MSTRG.14506.5	NA	NA	lncRNA	-0.752009518184656	0.00379511077767309	FALSE	FALSE	TRUE	FALSE	TRUE	0.0631102283862189
MSTRG.18745.11	NA	NA	lncRNA	0.856570772983633	0.00383413973821961	FALSE	TRUE	TRUE	TRUE	TRUE	0.0410127599757602
MSTRG.12765.2	NA	NA	lncRNA	0.513862450939934	0.00385240472170098	FALSE	TRUE	FALSE	FALSE	TRUE	0.00872390754480698
MSTRG.1222.2	NA	NA	lncRNA	1.2344069202354	0.00387312976935266	FALSE	FALSE	FALSE	FALSE	TRUE	0.0786092619966647
MSTRG.8481.2	NA	NA	lncRNA	0.289038225444714	0.00390057222766538	FALSE	FALSE	TRUE	FALSE	TRUE	0.012436414745556
MSTRG.8598.2	NA	NA	lncRNA	0.367712961264775	0.00390133776941328	FALSE	TRUE	FALSE	FALSE	TRUE	0.00175816010553425
MSTRG.11037.1	NA	NA	lncRNA	0.526508183407786	0.00392603147347522	FALSE	FALSE	TRUE	FALSE	TRUE	0.264953306663861
MSTRG.12438.4	NA	NA	lncRNA	0.534144223332554	0.00392860920717281	FALSE	TRUE	FALSE	FALSE	TRUE	0.0310609265658879
MSTRG.30192.2	NA	NA	lncRNA	-0.261818116279229	0.0039298403382131	FALSE	TRUE	FALSE	FALSE	TRUE	0.0074754342238094
MSTRG.929.1	NA	NA	lncRNA	-0.919777407259319	0.00398221221899806	TRUE	FALSE	FALSE	FALSE	TRUE	0.0125019078683881
MSTRG.17747.3	NA	NA	lncRNA	0.611548628665909	0.00398251981136289	FALSE	TRUE	FALSE	FALSE	TRUE	0.11538535753487
MSTRG.21709.2	NA	NA	lncRNA	0.356494560586295	0.00400002053037122	FALSE	FALSE	TRUE	FALSE	TRUE	0.0298776165006017
MSTRG.8610.1	NA	NA	lncRNA	0.318165685923643	0.00406244739542869	FALSE	TRUE	FALSE	FALSE	TRUE	0.0101583869707473
MSTRG.1859.15	NA	NA	lncRNA	0.608612847308558	0.00407577528767998	FALSE	TRUE	FALSE	FALSE	TRUE	0.00645237155657913
MSTRG.24537.4	NA	NA	lncRNA	0.413500754713013	0.00424767938372752	FALSE	TRUE	TRUE	TRUE	TRUE	0.13671083267015
MSTRG.20695.2	NA	NA	lncRNA	-4.98606024249418	0.00426546946106084	FALSE	FALSE	TRUE	FALSE	TRUE	0.142247228650988
MSTRG.7189.21	NA	NA	lncRNA	0.457705422927633	0.00426638558417931	FALSE	TRUE	TRUE	TRUE	TRUE	0.158564792748998
MSTRG.10903.5	NA	NA	lncRNA	0.245722565895085	0.00438348189076895	FALSE	TRUE	TRUE	TRUE	TRUE	0.00609111978188389
MSTRG.25069.1	NA	NA	lncRNA	-0.455673381363929	0.0044018653392703	FALSE	TRUE	FALSE	FALSE	TRUE	0.0360066701740445
MSTRG.5022.1	NA	NA	lncRNA	0.48921989275363	0.00441142472661951	TRUE	TRUE	FALSE	FALSE	TRUE	0.100985209022098
MSTRG.27870.4	NA	NA	lncRNA	1.19068108152416	0.00448104462185924	FALSE	TRUE	TRUE	TRUE	TRUE	0.000708797110651051
MSTRG.17461.1	NA	NA	lncRNA	-0.704362489569565	0.0045370490165661	FALSE	TRUE	TRUE	TRUE	TRUE	0.222744419850175
MSTRG.25534.3	NA	NA	lncRNA	0.603571233407851	0.00480984128925228	FALSE	FALSE	FALSE	FALSE	TRUE	0.23363839992023
MSTRG.8527.4	NA	NA	lncRNA	0.452064742623959	0.00481281654321597	FALSE	FALSE	TRUE	FALSE	TRUE	0.00646860603754299
MSTRG.19322.5	NA	NA	lncRNA	1.35054852893914	0.00489505400516731	FALSE	TRUE	TRUE	TRUE	TRUE	0.000966221005214143
MSTRG.16393.1	NA	NA	lncRNA	0.652494724341213	0.00491071303267211	FALSE	FALSE	FALSE	FALSE	TRUE	0.0214166588615721
MSTRG.19070.12	NA	NA	lncRNA	0.612070601508019	0.00492499391032495	FALSE	TRUE	TRUE	TRUE	TRUE	0.000666814898359948
MSTRG.23221.2	NA	NA	lncRNA	-0.275916638687436	0.00503137292411351	FALSE	TRUE	FALSE	FALSE	TRUE	0.000282417606135971
MSTRG.4588.20	NA	NA	lncRNA	-0.837686729379419	0.00525294023677601	FALSE	TRUE	FALSE	FALSE	TRUE	0.00563973202017674
MSTRG.8077.1	NA	NA	lncRNA	0.33578321187695	0.00527636553819674	FALSE	TRUE	FALSE	FALSE	TRUE	0.00314171598993051
MSTRG.23396.2	NA	NA	lncRNA	-3.05283370516019	0.0052932738805042	FALSE	FALSE	TRUE	FALSE	TRUE	0.064771288377923
MSTRG.29357.5	NA	NA	lncRNA	-0.351128689081222	0.00538180777422374	FALSE	TRUE	FALSE	FALSE	TRUE	0.000253123687838614
MSTRG.14301.15	NA	NA	lncRNA	-0.867729755496309	0.00548752905192925	FALSE	FALSE	FALSE	FALSE	TRUE	0.341340825531242
MSTRG.3399.1	NA	NA	lncRNA	-0.656218213738301	0.00548752905192925	FALSE	TRUE	TRUE	TRUE	TRUE	0.192378978065095
MSTRG.14465.17	NA	NA	lncRNA	0.632100583328919	0.0055377412457187	FALSE	TRUE	TRUE	TRUE	TRUE	0.000331193066092427
MSTRG.30147.1	NA	NA	lncRNA	-0.630645945572738	0.00556996030550333	FALSE	TRUE	FALSE	FALSE	TRUE	0.000544814262934281
MSTRG.8568.6	NA	NA	lncRNA	0.675009404491132	0.00565213587615347	FALSE	FALSE	FALSE	FALSE	TRUE	0.180763287839549
MSTRG.18475.1	NA	NA	lncRNA	-0.95796976419987	0.00565277239301303	FALSE	TRUE	FALSE	FALSE	TRUE	4.87198860085214e-05
MSTRG.1102.3	NA	NA	lncRNA	1.0826617089015	0.00567324017183381	FALSE	FALSE	FALSE	FALSE	TRUE	0.222182559973002
MSTRG.14142.1	NA	NA	lncRNA	0.538110276327325	0.0057274964944844	FALSE	FALSE	FALSE	FALSE	TRUE	0.0069643828399079
MSTRG.11607.6	NA	NA	lncRNA	0.440844128588029	0.00579280538934495	FALSE	TRUE	TRUE	TRUE	TRUE	0.0355727316658524
MSTRG.23343.1	NA	NA	lncRNA	3.23842694180815	0.00590157690072581	FALSE	FALSE	FALSE	FALSE	TRUE	0.0299525511659459
MSTRG.5637.1	NA	NA	lncRNA	-0.278895075271789	0.00608339456752905	FALSE	FALSE	TRUE	FALSE	TRUE	0.04503284392291
MSTRG.7321.18	NA	NA	lncRNA	0.681939833178081	0.00617257799455919	FALSE	TRUE	FALSE	FALSE	TRUE	0.00345083576323278
MSTRG.16203.21	NA	NA	lncRNA	-0.618890462107591	0.00620616202380805	FALSE	TRUE	TRUE	TRUE	TRUE	0.125924279671283
MSTRG.26656.8	NA	NA	lncRNA	0.649407743305119	0.00624255466340409	FALSE	TRUE	TRUE	TRUE	TRUE	0.347022166625544
MSTRG.29266.2	NA	NA	lncRNA	1.40103501656785	0.00629427335317467	FALSE	FALSE	FALSE	FALSE	TRUE	0.00162732598634469
MSTRG.22728.1	NA	NA	lncRNA	-0.800363955546538	0.00629492175846736	TRUE	FALSE	FALSE	FALSE	TRUE	0.187211128549705
MSTRG.29585.5	NA	NA	lncRNA	-1.37080337236045	0.00673566618457245	FALSE	TRUE	TRUE	TRUE	TRUE	0.111159446004448
MSTRG.9390.13	NA	NA	lncRNA	3.30445114083476	0.00673566618457245	FALSE	TRUE	FALSE	FALSE	TRUE	0.164082051035987
MSTRG.4649.2	NA	NA	lncRNA	0.384659420332589	0.00676884538203607	FALSE	TRUE	TRUE	TRUE	TRUE	0.00647837438856566
MSTRG.16805.10	NA	NA	lncRNA	0.421318311849464	0.00684963942273939	FALSE	TRUE	FALSE	FALSE	TRUE	0.123289570697476
MSTRG.23769.5	NA	NA	lncRNA	-2.77132634686536	0.00687639348293287	FALSE	FALSE	TRUE	FALSE	TRUE	0.174001739188583
MSTRG.22574.7	NA	NA	lncRNA	-4.17883127740283	0.00722704673564468	FALSE	TRUE	FALSE	FALSE	TRUE	0.241423607953427
MSTRG.23696.4	NA	NA	lncRNA	-0.310626756638051	0.00722704673564468	FALSE	TRUE	TRUE	TRUE	TRUE	0.00435256031238896
MSTRG.4613.8	NA	NA	lncRNA	-0.262567653241077	0.00730496662647302	FALSE	TRUE	FALSE	FALSE	TRUE	0.0667589853520633
MSTRG.26701.6	NA	NA	lncRNA	-0.810360352134486	0.0074377108927424	FALSE	TRUE	FALSE	FALSE	TRUE	0.00174774485117047
MSTRG.17624.3	NA	NA	lncRNA	-0.35698239827452	0.00760377553269403	FALSE	TRUE	TRUE	TRUE	TRUE	0.0283263002355719
MSTRG.29048.3	NA	NA	lncRNA	-0.956999946022427	0.0076344391379729	FALSE	TRUE	TRUE	TRUE	TRUE	0.00662386018800478
MSTRG.11118.2	NA	NA	lncRNA	0.579837177577601	0.00783926108961489	FALSE	TRUE	TRUE	TRUE	TRUE	0.033988182405096
MSTRG.27534.2	NA	NA	lncRNA	0.541554674288473	0.00788657029649668	FALSE	TRUE	TRUE	TRUE	TRUE	0.24663556736941
MSTRG.24308.6	NA	NA	lncRNA	3.22611363616864	0.00792113446344487	FALSE	FALSE	FALSE	FALSE	TRUE	0.310433832461934
MSTRG.23984.4	NA	NA	lncRNA	0.617693571598641	0.00801711837428741	FALSE	TRUE	TRUE	TRUE	TRUE	0.00251168965938885
MSTRG.27372.7	NA	NA	lncRNA	0.49263233642391	0.00803284911999268	FALSE	TRUE	FALSE	FALSE	TRUE	0.0100929896568831
MSTRG.19290.3	NA	NA	lncRNA	0.610061616990906	0.00806163483544518	FALSE	FALSE	TRUE	FALSE	TRUE	0.335660773255719
MSTRG.12578.16	NA	NA	lncRNA	-0.49590652750634	0.0080772409054538	FALSE	TRUE	TRUE	TRUE	TRUE	0.0366152470903364
MSTRG.13994.5	NA	NA	lncRNA	0.545437073556367	0.0081118492137525	FALSE	TRUE	TRUE	TRUE	TRUE	0.0754238233904843
MSTRG.29439.9	NA	NA	lncRNA	4.1395200348912	0.00827328591271205	FALSE	FALSE	TRUE	FALSE	TRUE	0.0536873807204967
MSTRG.17516.15	NA	NA	lncRNA	-1.01653717588684	0.00830327053320753	FALSE	TRUE	TRUE	TRUE	TRUE	0.00897649335951746
MSTRG.21810.14	NA	NA	lncRNA	1.0534886276289	0.0084207193971435	FALSE	FALSE	TRUE	FALSE	TRUE	0.00453395153080812
MSTRG.13118.46	NA	NA	lncRNA	0.650800989009252	0.00853049846261308	FALSE	TRUE	FALSE	FALSE	TRUE	0.0252144519049341
MSTRG.28043.5	NA	NA	lncRNA	0.582768780640505	0.00857945230235935	FALSE	TRUE	FALSE	FALSE	TRUE	0.00448854747267333
MSTRG.4497.16	NA	NA	lncRNA	1.03829992174392	0.00873113504347718	FALSE	FALSE	FALSE	FALSE	TRUE	0.00610605392779825
MSTRG.24199.3	NA	NA	lncRNA	2.14823183195407	0.00879952670790412	FALSE	TRUE	TRUE	TRUE	TRUE	0.00146219889904354
MSTRG.29079.1	NA	NA	lncRNA	-0.238119776548824	0.00890972579925169	FALSE	TRUE	FALSE	FALSE	TRUE	0.000898667030878092
MSTRG.25117.3	NA	NA	lncRNA	0.449528151368319	0.00898594070005183	FALSE	TRUE	TRUE	TRUE	TRUE	0.000640102416591353
MSTRG.24829.8	NA	NA	lncRNA	0.608476884928304	0.00901509827131624	FALSE	TRUE	FALSE	FALSE	TRUE	0.00548155022199992
MSTRG.22272.1	NA	NA	lncRNA	0.640775414576587	0.00912146750771332	TRUE	FALSE	FALSE	FALSE	TRUE	0.110130608352494
MSTRG.5220.2	NA	NA	lncRNA	-0.296658953901777	0.00922074182950216	FALSE	TRUE	TRUE	TRUE	TRUE	0.0703335260131186
MSTRG.1976.10	NA	NA	lncRNA	-0.613767156162277	0.00924601121029327	FALSE	TRUE	TRUE	TRUE	TRUE	0.0730514479621861
MSTRG.6534.2	NA	NA	lncRNA	-0.257171674636412	0.00933392651457904	FALSE	TRUE	FALSE	FALSE	TRUE	0.00031787976283017
MSTRG.16500.64	NA	NA	lncRNA	0.456740361014592	0.00937754162006576	FALSE	FALSE	FALSE	FALSE	TRUE	0.0446646600133757
MSTRG.4717.5	NA	NA	lncRNA	-1.28606816544566	0.00942898447316545	FALSE	TRUE	TRUE	TRUE	TRUE	6.00291361057955e-05
MSTRG.11492.14	NA	NA	lncRNA	-4.19355851213063	0.0095044139745546	FALSE	TRUE	FALSE	FALSE	TRUE	2.44805859964802e-07
MSTRG.18197.12	NA	NA	lncRNA	-1.07794765603883	0.00956784663712945	FALSE	FALSE	FALSE	FALSE	TRUE	0.00338662356454309
MSTRG.18353.3	NA	NA	lncRNA	-0.787464171188274	0.00959382137846764	FALSE	TRUE	TRUE	TRUE	TRUE	0.0050036515095205
MSTRG.9108.2	NA	NA	lncRNA	0.409239114555443	0.00962194048644703	FALSE	TRUE	TRUE	TRUE	TRUE	0.000975860934681175
MSTRG.20396.8	NA	NA	lncRNA	-0.457729671283372	0.00967103777099081	FALSE	TRUE	TRUE	TRUE	TRUE	0.00513646556572664
MSTRG.27869.4	NA	NA	lncRNA	3.97222034337604	0.00971932847624998	FALSE	FALSE	TRUE	FALSE	TRUE	0.0155990405737002
MSTRG.23809.8	NA	NA	lncRNA	4.49696519470165	0.00984597493815617	FALSE	TRUE	TRUE	TRUE	TRUE	0.0027773651430017
MSTRG.16625.2	NA	NA	lncRNA	-1.46704393896144	0.00988678520749231	FALSE	TRUE	FALSE	FALSE	TRUE	0.294480286552006
MSTRG.4083.12	NA	NA	lncRNA	0.688793139198219	0.00992850800295458	FALSE	FALSE	FALSE	FALSE	TRUE	0.0135376324872788
MSTRG.13307.25	NA	NA	lncRNA	-0.458290047461319	0.0100990606714873	FALSE	FALSE	FALSE	FALSE	TRUE	0.0426696131465724
MSTRG.22116.54	NA	NA	lncRNA	-0.296064584068574	0.0101982061441088	FALSE	TRUE	TRUE	TRUE	TRUE	0.233044728602071
MSTRG.6345.5	NA	NA	lncRNA	0.344094171925403	0.0102341261285427	FALSE	TRUE	FALSE	FALSE	TRUE	0.00197008797292016
MSTRG.934.1	NA	NA	lncRNA	-1.08933913722872	0.010515122895595	TRUE	FALSE	FALSE	FALSE	TRUE	0.338360126533988
MSTRG.30939.1	NA	NA	lncRNA	0.870422322464117	0.0107356647820956	FALSE	FALSE	TRUE	FALSE	TRUE	0.00413067849164283
MSTRG.30759.3	NA	NA	lncRNA	-0.270299914896	0.0107629255969861	FALSE	TRUE	TRUE	TRUE	TRUE	0.00968425632265742
MSTRG.17028.6	NA	NA	lncRNA	0.372906476715339	0.0108255218640809	FALSE	FALSE	FALSE	FALSE	TRUE	0.302203333294056
MSTRG.13258.3	NA	NA	lncRNA	-0.481335412266525	0.010925242097304	FALSE	TRUE	TRUE	TRUE	TRUE	0.0222137132376297
MSTRG.18475.8	NA	NA	lncRNA	-0.514411692270352	0.0110867800606318	FALSE	TRUE	FALSE	FALSE	TRUE	0.000313369672227351
MSTRG.2385.1	NA	NA	lncRNA	0.775899516737542	0.0112890508456122	FALSE	FALSE	FALSE	FALSE	TRUE	0.0170720895189125
MSTRG.6817.3	NA	NA	lncRNA	-0.658416965799192	0.0112890508456122	FALSE	TRUE	TRUE	TRUE	TRUE	0.0203197626648839
MSTRG.4244.5	NA	NA	lncRNA	0.804309228361302	0.0113130694564935	FALSE	TRUE	TRUE	TRUE	TRUE	0.0095328259308526
MSTRG.19113.11	NA	NA	lncRNA	-1.04376754094475	0.011378611697439	FALSE	TRUE	TRUE	TRUE	TRUE	0.00532517004884339
MSTRG.23878.8	NA	NA	lncRNA	0.528266639085275	0.0114244743263218	FALSE	TRUE	FALSE	FALSE	TRUE	0.00356943134817601
MSTRG.18283.12	NA	NA	lncRNA	-0.844013314227372	0.011633872805797	FALSE	TRUE	FALSE	FALSE	TRUE	5.97914113819663e-05
MSTRG.8512.7	NA	NA	lncRNA	0.838696412399115	0.0116546305429217	FALSE	TRUE	TRUE	TRUE	TRUE	0.0561263231266355
MSTRG.4933.8	NA	NA	lncRNA	-0.530854952445763	0.0120608991751126	FALSE	TRUE	FALSE	FALSE	TRUE	0.00507325266735543
MSTRG.28641.4	NA	NA	lncRNA	0.999463087277173	0.0120822309992016	FALSE	TRUE	TRUE	TRUE	TRUE	0.113934749304186
MSTRG.5248.1	NA	NA	lncRNA	4.29342652810704	0.0121397115951729	FALSE	FALSE	TRUE	FALSE	TRUE	0.0382134513915307
MSTRG.29885.7	NA	NA	lncRNA	0.40968797565569	0.0121535860323783	FALSE	TRUE	TRUE	TRUE	TRUE	0.000905629346195135
MSTRG.5290.14	NA	NA	lncRNA	0.719390497447331	0.0121882533288845	FALSE	TRUE	FALSE	FALSE	TRUE	0.00844911648222979
MSTRG.12985.5	NA	NA	lncRNA	-3.92384390406588	0.0121906415123862	FALSE	TRUE	TRUE	TRUE	TRUE	0.272211011494475
MSTRG.25052.1	NA	NA	lncRNA	0.516361714573548	0.0122774048749696	FALSE	TRUE	TRUE	TRUE	TRUE	0.0312400157535854
MSTRG.12849.6	NA	NA	lncRNA	-0.451457288270911	0.0124641857677237	FALSE	TRUE	FALSE	FALSE	TRUE	0.0658660080955745
MSTRG.17340.2	NA	NA	lncRNA	-0.556942070441622	0.0127638948705892	FALSE	TRUE	FALSE	FALSE	TRUE	0.0260748030218872
MSTRG.8555.8	NA	NA	lncRNA	2.04936422264619	0.0129160503764542	FALSE	TRUE	FALSE	FALSE	TRUE	0.0315454492282172
MSTRG.5.1	NA	NA	lncRNA	-0.383153759359891	0.0130001555489259	FALSE	FALSE	FALSE	FALSE	TRUE	0.00726892307392027
MSTRG.24107.37	NA	NA	lncRNA	1.16858685081622	0.0130088510331997	FALSE	TRUE	TRUE	TRUE	TRUE	0.0133724923746332
MSTRG.15144.11	NA	NA	lncRNA	-2.57372386279138	0.0130876038730627	FALSE	TRUE	TRUE	TRUE	TRUE	0.0353938441692207
MSTRG.15685.4	NA	NA	lncRNA	-0.357168678555032	0.0131993152345534	FALSE	FALSE	TRUE	FALSE	TRUE	0.332827630137555
MSTRG.13451.1	NA	NA	lncRNA	-0.428543643399796	0.0134056661570841	TRUE	FALSE	TRUE	FALSE	TRUE	0.0077761276301747
MSTRG.28645.2	NA	NA	lncRNA	2.75806257891743	0.0134811485198569	FALSE	FALSE	FALSE	FALSE	TRUE	1.3261433007235e-05
MSTRG.26583.50	NA	NA	lncRNA	-0.232030705324516	0.0135912227609761	FALSE	TRUE	TRUE	TRUE	TRUE	0.0298441445048871
MSTRG.13153.2	NA	NA	lncRNA	-0.231856081293722	0.0136458327967238	FALSE	TRUE	TRUE	TRUE	TRUE	0.0185803600996305
MSTRG.6080.3	NA	NA	lncRNA	2.32358852173254	0.013650922822574	FALSE	TRUE	TRUE	TRUE	TRUE	0.0889291712403112
MSTRG.17443.1	NA	NA	lncRNA	-0.797087014441522	0.013769265012817	FALSE	TRUE	TRUE	TRUE	TRUE	0.0533768360842026
MSTRG.3408.7	NA	NA	lncRNA	-0.805016573089753	0.0138506812971994	FALSE	TRUE	TRUE	TRUE	TRUE	1.22043694601971e-06
MSTRG.6467.5	NA	NA	lncRNA	0.909492156330524	0.0138506812971994	FALSE	TRUE	TRUE	TRUE	TRUE	0.0297753263650575
MSTRG.24199.2	NA	NA	lncRNA	3.7052494177936	0.0139493890231195	FALSE	TRUE	TRUE	TRUE	TRUE	0.00146219889904354
MSTRG.9723.2	NA	NA	lncRNA	2.47038376120715	0.014059655662145	FALSE	TRUE	FALSE	FALSE	TRUE	2.7411200960755e-05
MSTRG.28691.3	NA	NA	lncRNA	-0.331400405965344	0.0141214630011151	FALSE	FALSE	TRUE	FALSE	TRUE	6.28462392235256e-10
MSTRG.4120.3	NA	NA	lncRNA	-0.529636010741612	0.0142978132198332	FALSE	TRUE	TRUE	TRUE	TRUE	0.0074187995681177
MSTRG.8510.3	NA	NA	lncRNA	5.071535397117	0.0142978132198332	FALSE	FALSE	TRUE	FALSE	TRUE	0.128120009174441
MSTRG.9724.1	NA	NA	lncRNA	4.40828526050986	0.0143435524233006	FALSE	FALSE	TRUE	FALSE	TRUE	0.0662235382592576
MSTRG.4100.10	NA	NA	lncRNA	-3.09082771952345	0.0146462063562391	FALSE	FALSE	TRUE	FALSE	TRUE	2.277666274379e-06
MSTRG.19610.7	NA	NA	lncRNA	0.405749579389499	0.0147415939994703	FALSE	FALSE	FALSE	FALSE	TRUE	0.0154301824726315
MSTRG.5094.45	NA	NA	lncRNA	0.613987348452334	0.0149870493055257	FALSE	TRUE	TRUE	TRUE	TRUE	0.0328696275658715
MSTRG.27580.9	NA	NA	lncRNA	3.63723003942093	0.0151487990894442	FALSE	FALSE	FALSE	FALSE	TRUE	0.0583777284331556
MSTRG.17270.3	NA	NA	lncRNA	-0.499244189932225	0.0152498359958517	FALSE	TRUE	FALSE	FALSE	TRUE	0.00344284994831363
MSTRG.13466.4	NA	NA	lncRNA	0.982042260039735	0.0153452600949217	FALSE	TRUE	FALSE	FALSE	TRUE	0.00693101674788417
MSTRG.17633.1	NA	NA	lncRNA	1.34083180151976	0.0154896889668912	FALSE	FALSE	FALSE	FALSE	TRUE	0.0360308483975585
MSTRG.25855.3	NA	NA	lncRNA	-0.404877261892729	0.0155962379446609	FALSE	TRUE	TRUE	TRUE	TRUE	0.00436552970095469
MSTRG.26540.3	NA	NA	lncRNA	0.455543632257047	0.0156135573610437	FALSE	TRUE	TRUE	TRUE	TRUE	0.0591901527703308
MSTRG.14323.18	NA	NA	lncRNA	-3.68346360615962	0.015646615987522	FALSE	TRUE	TRUE	TRUE	TRUE	0.00212460498167026
MSTRG.22304.29	NA	NA	lncRNA	0.242389705746849	0.0158237300591692	FALSE	FALSE	TRUE	FALSE	TRUE	0.0159066837549765
MSTRG.26650.5	NA	NA	lncRNA	-0.742919003935355	0.0158647177252969	FALSE	TRUE	TRUE	TRUE	TRUE	0.000167550543894393
MSTRG.29898.3	NA	NA	lncRNA	0.449498043328861	0.0159026680669448	FALSE	TRUE	FALSE	FALSE	TRUE	0.214583447739101
MSTRG.7356.1	NA	NA	lncRNA	1.29140690516747	0.0159026680669448	FALSE	FALSE	FALSE	FALSE	TRUE	0.0884656558777726
MSTRG.23584.1	NA	NA	lncRNA	-3.04070875483446	0.0160694214844404	FALSE	TRUE	FALSE	FALSE	TRUE	0.0172008887258451
MSTRG.5603.4	NA	NA	lncRNA	0.837444322650568	0.0161490395052304	FALSE	TRUE	TRUE	TRUE	TRUE	0.256699869948134
MSTRG.30598.6	NA	NA	lncRNA	4.36984080088209	0.0162804332305666	FALSE	TRUE	TRUE	TRUE	TRUE	0.0236891928086686
MSTRG.25022.4	NA	NA	lncRNA	0.413391059074559	0.0168930177090587	FALSE	TRUE	TRUE	TRUE	TRUE	0.136986000924128
MSTRG.14383.16	NA	NA	lncRNA	0.908467430516486	0.0169735117955745	FALSE	FALSE	FALSE	FALSE	TRUE	0.0673791280657177
MSTRG.20677.1	NA	NA	lncRNA	0.952158318066172	0.0169887005440607	FALSE	TRUE	TRUE	TRUE	TRUE	0.238496953035275
MSTRG.3481.4	NA	NA	lncRNA	0.950110017253531	0.017088704435272	FALSE	TRUE	FALSE	FALSE	TRUE	3.22164260765279e-06
MSTRG.17732.2	NA	NA	lncRNA	-0.599489574498161	0.0172492803282721	FALSE	TRUE	TRUE	TRUE	TRUE	0.290505117174166
MSTRG.17455.4	NA	NA	lncRNA	-0.624973927831574	0.0172513548863393	FALSE	TRUE	FALSE	FALSE	TRUE	0.000603899339706713
MSTRG.22518.3	NA	NA	lncRNA	-0.335787989262708	0.0172648189526236	FALSE	TRUE	FALSE	FALSE	TRUE	0.0356286076965832
MSTRG.6926.3	NA	NA	lncRNA	0.455602987154931	0.0173045568543965	FALSE	TRUE	TRUE	TRUE	TRUE	5.20407843451665e-06
MSTRG.20525.5	NA	NA	lncRNA	0.910876712611898	0.0173613741115284	FALSE	TRUE	FALSE	FALSE	TRUE	0.31672691264873
MSTRG.21844.3	NA	NA	lncRNA	-0.306677354243764	0.0175000529602174	FALSE	FALSE	TRUE	FALSE	TRUE	0.00239458475809085
MSTRG.28231.1	NA	NA	lncRNA	0.773353749349836	0.0175151334705835	FALSE	FALSE	FALSE	FALSE	TRUE	0.204829404358379
MSTRG.26232.7	NA	NA	lncRNA	-0.636311228938013	0.0176008216376347	FALSE	TRUE	TRUE	TRUE	TRUE	1.33247022089311e-05
MSTRG.1997.37	NA	NA	lncRNA	0.879617295689032	0.0176065466138122	FALSE	FALSE	TRUE	FALSE	TRUE	0.0103778266634231
MSTRG.18938.14	NA	NA	lncRNA	-0.568084280545414	0.0177241583973226	FALSE	FALSE	TRUE	FALSE	TRUE	0.06751607501173
MSTRG.22693.3	NA	NA	lncRNA	-2.06996096933185	0.0177522566047826	FALSE	TRUE	TRUE	TRUE	TRUE	6.72756408235959e-07
MSTRG.8510.1	NA	NA	lncRNA	0.276289799281656	0.0177854384266982	FALSE	TRUE	FALSE	FALSE	TRUE	0.000254909475947501
MSTRG.29237.5	NA	NA	lncRNA	-0.512018685258353	0.0180928755084503	FALSE	TRUE	TRUE	TRUE	TRUE	0.0189128190601201
MSTRG.29646.1	NA	NA	lncRNA	-1.58341616996416	0.0181849339809834	FALSE	FALSE	FALSE	FALSE	TRUE	0.118666285712694
MSTRG.11547.14	NA	NA	lncRNA	-0.368479542772502	0.0182686237984199	FALSE	TRUE	FALSE	FALSE	TRUE	0.0515281449541482
MSTRG.11492.16	NA	NA	lncRNA	-5.14781011294905	0.0185550406510363	FALSE	TRUE	FALSE	FALSE	TRUE	2.44805859964802e-07
MSTRG.26600.7	NA	NA	lncRNA	0.813721374237209	0.0186056052643532	FALSE	TRUE	FALSE	FALSE	TRUE	0.290422624894993
MSTRG.17323.1	NA	NA	lncRNA	2.72937828278977	0.0192225720336893	FALSE	FALSE	FALSE	FALSE	TRUE	0.000731888306299756
MSTRG.4649.1	NA	NA	lncRNA	0.442590674985269	0.0195121601447082	FALSE	TRUE	TRUE	TRUE	TRUE	0.00619362399349847
MSTRG.28174.1	NA	NA	lncRNA	0.784683190266148	0.0195904577849579	FALSE	FALSE	FALSE	FALSE	TRUE	0.000421894356199803
MSTRG.8662.6	NA	NA	lncRNA	0.417436693523581	0.0198852118978285	FALSE	TRUE	FALSE	FALSE	TRUE	0.0236048198003438
MSTRG.9073.1	NA	NA	lncRNA	0.575132385610669	0.0201108483796756	FALSE	TRUE	TRUE	TRUE	TRUE	0.0368441145979065
MSTRG.18191.8	NA	NA	lncRNA	-1.00898283079757	0.0203325268762937	FALSE	TRUE	TRUE	TRUE	TRUE	0.0241904743409722
MSTRG.3720.2	NA	NA	lncRNA	-0.589147085100259	0.0206263551320884	FALSE	TRUE	TRUE	TRUE	TRUE	0.202748867761013
MSTRG.6282.1	NA	NA	lncRNA	-2.99076594675848	0.0206714105906953	TRUE	FALSE	TRUE	FALSE	TRUE	0.0569324650919177
MSTRG.25054.3	NA	NA	lncRNA	0.597904174922806	0.0206854481670246	FALSE	TRUE	TRUE	TRUE	TRUE	0.0775240213909822
MSTRG.18014.3	NA	NA	lncRNA	-0.766592539883679	0.0207943770881063	FALSE	TRUE	FALSE	FALSE	TRUE	0.00375109604455383
MSTRG.5267.12	NA	NA	lncRNA	0.885261227468049	0.0207943770881063	FALSE	TRUE	FALSE	FALSE	TRUE	0.0040277305041695
MSTRG.29418.4	NA	NA	lncRNA	0.759950192797417	0.0208633042207191	FALSE	TRUE	FALSE	FALSE	TRUE	0.0124004336636136
MSTRG.11105.1	NA	NA	lncRNA	0.396055300793105	0.0210940326474495	FALSE	FALSE	FALSE	FALSE	TRUE	0.0017371643792387
MSTRG.10442.3	NA	NA	lncRNA	-0.574391454569459	0.0213399141165503	FALSE	FALSE	TRUE	FALSE	TRUE	0.0277967064169205
MSTRG.29365.2	NA	NA	lncRNA	-3.03874579878185	0.0213863394457577	FALSE	TRUE	TRUE	TRUE	TRUE	0.0537475331764311
MSTRG.13305.9	NA	NA	lncRNA	-0.56657229652793	0.0216019682267439	FALSE	TRUE	TRUE	TRUE	TRUE	0.0624694733496587
MSTRG.3041.2	NA	NA	lncRNA	0.648814263019778	0.0220264785787159	FALSE	FALSE	TRUE	FALSE	TRUE	0.00415481978145462
MSTRG.25460.1	NA	NA	lncRNA	-0.400899840878281	0.0220303799222583	FALSE	TRUE	TRUE	TRUE	TRUE	0.000716157642331607
MSTRG.4083.9	NA	NA	lncRNA	-4.15694919258209	0.0222956110002619	FALSE	FALSE	FALSE	FALSE	TRUE	0.0425104546068151
MSTRG.2778.34	NA	NA	lncRNA	1.96156900267304	0.0224040315187793	FALSE	FALSE	FALSE	FALSE	TRUE	0.0319977353643995
MSTRG.5696.11	NA	NA	lncRNA	-0.552343099153899	0.0224239126796247	FALSE	FALSE	TRUE	FALSE	TRUE	0.146809551097683
MSTRG.22960.14	NA	NA	lncRNA	0.477765035714671	0.0227055164589338	FALSE	FALSE	TRUE	FALSE	TRUE	0.00193136764292727
MSTRG.24877.43	NA	NA	lncRNA	0.633270974997368	0.0231454552415761	FALSE	TRUE	FALSE	FALSE	TRUE	0.216011761286445
MSTRG.25147.5	NA	NA	lncRNA	0.621076591347398	0.0231744228115899	FALSE	TRUE	FALSE	FALSE	TRUE	0.0600916809878471
MSTRG.17028.8	NA	NA	lncRNA	0.240288347340175	0.0231933508365	FALSE	FALSE	FALSE	FALSE	TRUE	0.302469340029316
MSTRG.2791.9	NA	NA	lncRNA	-1.10453005799348	0.0232806351515307	FALSE	TRUE	FALSE	FALSE	TRUE	0.0102010473961148
MSTRG.20797.7	NA	NA	lncRNA	-1.43491865375479	0.0233920534165851	FALSE	FALSE	TRUE	FALSE	TRUE	0.0159510833719611
MSTRG.10903.3	NA	NA	lncRNA	0.359850684705951	0.0234937839301907	FALSE	TRUE	FALSE	FALSE	TRUE	0.0771887445756548
MSTRG.27890.9	NA	NA	lncRNA	0.452659755957579	0.0236611854469613	FALSE	FALSE	TRUE	FALSE	TRUE	0.0290842489782171
MSTRG.29342.3	NA	NA	lncRNA	3.60535585430835	0.0238158057694644	FALSE	FALSE	TRUE	FALSE	TRUE	0.0286063583883698
MSTRG.15979.4	NA	NA	lncRNA	-0.576346357772548	0.0238856437139461	FALSE	FALSE	FALSE	FALSE	TRUE	0.000588027414033099
MSTRG.1491.3	NA	NA	lncRNA	-0.702350459043342	0.0239371546039221	FALSE	FALSE	FALSE	FALSE	TRUE	0.310310949072598
MSTRG.22025.3	NA	NA	lncRNA	0.266003986164926	0.0242653836160001	FALSE	TRUE	FALSE	FALSE	TRUE	0.00416982872650613
MSTRG.5094.5	NA	NA	lncRNA	-0.464905058650214	0.0243738285119148	FALSE	TRUE	TRUE	TRUE	TRUE	0.0150921542575677
MSTRG.9936.1	NA	NA	lncRNA	0.92456714123833	0.0245631416473191	FALSE	FALSE	FALSE	FALSE	TRUE	0.336333008678638
MSTRG.8662.9	NA	NA	lncRNA	0.493998851203664	0.0245878907678152	FALSE	FALSE	FALSE	FALSE	TRUE	0.0078964998309472
MSTRG.4065.1	NA	NA	lncRNA	0.93436677470214	0.0245996114216536	TRUE	TRUE	FALSE	FALSE	TRUE	0.00722473537145696
MSTRG.29446.25	NA	NA	lncRNA	0.459792771984639	0.0247301042912606	FALSE	TRUE	FALSE	FALSE	TRUE	0.0424669341133326
MSTRG.6537.7	NA	NA	lncRNA	0.284153480781409	0.0247413179177182	FALSE	TRUE	FALSE	FALSE	TRUE	0.0408430847414148
MSTRG.1991.3	NA	NA	lncRNA	0.88985594531479	0.0251407353801613	FALSE	TRUE	TRUE	TRUE	TRUE	0.13417388380022
MSTRG.25782.1	NA	NA	lncRNA	1.72296821086689	0.0251407353801613	FALSE	FALSE	FALSE	FALSE	TRUE	0.00112961757268567
MSTRG.15083.28	NA	NA	lncRNA	2.64095406686624	0.0254735572099336	FALSE	TRUE	TRUE	TRUE	TRUE	0.0339841465641154
MSTRG.4991.6	NA	NA	lncRNA	0.728687576487649	0.0255310728499762	FALSE	FALSE	FALSE	FALSE	TRUE	0.148819639815332
MSTRG.9286.9	NA	NA	lncRNA	-0.317031256784386	0.0257067045335908	FALSE	TRUE	TRUE	TRUE	TRUE	0.0155440350932849
MSTRG.25054.1	NA	NA	lncRNA	1.19378205571091	0.0258087978515417	FALSE	FALSE	TRUE	FALSE	TRUE	0.0753717181930793
MSTRG.17865.5	NA	NA	lncRNA	-0.320879736613723	0.0265981095463057	FALSE	TRUE	TRUE	TRUE	TRUE	0.0145238599510732
MSTRG.29779.2	NA	NA	lncRNA	0.63141378551664	0.0267412114308734	FALSE	TRUE	TRUE	TRUE	TRUE	0.326731523312781
MSTRG.11144.8	NA	NA	lncRNA	2.00588762878514	0.0268658370014332	FALSE	TRUE	FALSE	FALSE	TRUE	0.0586807351173976
MSTRG.23862.5	NA	NA	lncRNA	0.437175151447196	0.026898139205705	FALSE	FALSE	FALSE	FALSE	TRUE	0.169251747796976
MSTRG.2674.5	NA	NA	lncRNA	-0.334027827118039	0.0269553019671575	FALSE	TRUE	TRUE	TRUE	TRUE	0.00524669283530233
MSTRG.9886.2	NA	NA	lncRNA	-0.351168481610112	0.0269561451706276	FALSE	TRUE	FALSE	FALSE	TRUE	0.0173599009906392
MSTRG.18554.1	NA	NA	lncRNA	-1.14976332158482	0.0270648823259142	FALSE	TRUE	TRUE	TRUE	TRUE	0.0544182204635357
MSTRG.27886.4	NA	NA	lncRNA	0.26533722755182	0.0272428095630775	FALSE	TRUE	FALSE	FALSE	TRUE	0.00058697271846405
MSTRG.11668.38	NA	NA	lncRNA	0.756904036953756	0.0273457441419699	FALSE	FALSE	FALSE	FALSE	TRUE	0.0613513906737308
MSTRG.15373.1	NA	NA	lncRNA	0.369924890781434	0.0273837102709484	FALSE	TRUE	FALSE	FALSE	TRUE	0.00141988002096682
MSTRG.5365.2	NA	NA	lncRNA	0.400305889534928	0.0277395610834782	FALSE	TRUE	TRUE	TRUE	TRUE	0.302016838879075
MSTRG.29721.6	NA	NA	lncRNA	-0.230611718749691	0.0283445893658735	FALSE	TRUE	FALSE	FALSE	TRUE	0.0693871661068649
MSTRG.22693.19	NA	NA	lncRNA	-4.01786855098677	0.028380580708671	FALSE	TRUE	TRUE	TRUE	TRUE	3.55807478720594e-05
MSTRG.10280.3	NA	NA	lncRNA	-4.43341269464998	0.0285434178438155	FALSE	FALSE	FALSE	FALSE	TRUE	0.0422338757768575
MSTRG.30007.5	NA	NA	lncRNA	0.627776240733156	0.0287955461737023	FALSE	TRUE	FALSE	FALSE	TRUE	0.143482669405279
MSTRG.4516.7	NA	NA	lncRNA	1.7289367452825	0.029020442385661	FALSE	FALSE	FALSE	FALSE	TRUE	0.00174549058689171
MSTRG.7866.7	NA	NA	lncRNA	-2.26259718488653	0.0296642431011312	FALSE	TRUE	TRUE	TRUE	TRUE	0.00290214755557544
MSTRG.14231.2	NA	NA	lncRNA	-0.472345755697165	0.0299983677450268	FALSE	TRUE	FALSE	FALSE	TRUE	0.0935883046245002
MSTRG.7213.4	NA	NA	lncRNA	0.64983514000707	0.0300219150611057	FALSE	TRUE	TRUE	TRUE	TRUE	0.0561311469930373
MSTRG.10659.3	NA	NA	lncRNA	-0.666708284819771	0.0301509311883824	FALSE	TRUE	TRUE	TRUE	TRUE	0.0273939625305507
MSTRG.11312.15	NA	NA	lncRNA	2.75471030384368	0.0301509311883824	FALSE	FALSE	FALSE	FALSE	TRUE	0.0340587726062624
MSTRG.25962.2	NA	NA	lncRNA	0.876417098362374	0.030156051300081	FALSE	TRUE	FALSE	FALSE	TRUE	0.000467864650497909
MSTRG.29996.5	NA	NA	lncRNA	0.401386164967316	0.0302566766048367	FALSE	FALSE	TRUE	FALSE	TRUE	0.0828900776778464
MSTRG.24672.2	NA	NA	lncRNA	0.72467852490154	0.0304197872469257	FALSE	TRUE	TRUE	TRUE	TRUE	1.85067372961832e-09
MSTRG.30718.6	NA	NA	lncRNA	1.95496289420092	0.0305952117778731	FALSE	TRUE	TRUE	TRUE	TRUE	0.00425686270895114
MSTRG.29425.2	NA	NA	lncRNA	4.44367749301923	0.0307845887814965	FALSE	TRUE	FALSE	FALSE	TRUE	0.000396584269068429
MSTRG.2672.1	NA	NA	lncRNA	1.32168303621266	0.0312752216683949	FALSE	FALSE	TRUE	FALSE	TRUE	0.0374727296238921
MSTRG.23445.1	NA	NA	lncRNA	-0.735143550215665	0.0312787592674085	TRUE	FALSE	TRUE	FALSE	TRUE	0.144543383078806
MSTRG.24589.3	NA	NA	lncRNA	-2.88945504466387	0.0313826643420179	FALSE	TRUE	FALSE	FALSE	TRUE	0.0229429928041726
MSTRG.19146.1	NA	NA	lncRNA	1.13209691858205	0.0314695263564931	FALSE	FALSE	FALSE	FALSE	TRUE	0.117250298565916
MSTRG.12648.1	NA	NA	lncRNA	-0.674940488404359	0.0319005204754965	FALSE	TRUE	TRUE	TRUE	TRUE	0.0363213379521004
MSTRG.4390.8	NA	NA	lncRNA	0.654617758309705	0.032130617881366	FALSE	TRUE	FALSE	FALSE	TRUE	0.00170544164842318
MSTRG.4668.4	NA	NA	lncRNA	-0.267593127179569	0.0321906461125039	FALSE	TRUE	FALSE	FALSE	TRUE	0.0675315045533639
MSTRG.28644.3	NA	NA	lncRNA	0.725464323003282	0.0321911221406925	FALSE	TRUE	TRUE	TRUE	TRUE	0.00290688643349854
MSTRG.8529.1	NA	NA	lncRNA	-0.258019403205178	0.0325940242312293	FALSE	FALSE	TRUE	FALSE	TRUE	0.00816967530212839
MSTRG.5611.2	NA	NA	lncRNA	-1.24939239665978	0.0328649784470123	FALSE	FALSE	TRUE	FALSE	TRUE	0.348745635863143
MSTRG.12402.7	NA	NA	lncRNA	0.410248042402229	0.0329196401630281	FALSE	FALSE	TRUE	FALSE	TRUE	0.036063780041372
MSTRG.7817.1	NA	NA	lncRNA	0.574465225053015	0.0329955470121706	FALSE	TRUE	FALSE	FALSE	TRUE	0.00315187440765639
MSTRG.30007.3	NA	NA	lncRNA	0.63003523878527	0.0330388546382567	FALSE	TRUE	FALSE	FALSE	TRUE	0.133224376258416
MSTRG.11898.51	NA	NA	lncRNA	-0.54891637048028	0.0331100185874248	FALSE	TRUE	TRUE	TRUE	TRUE	0.0284808399056829
MSTRG.29806.15	NA	NA	lncRNA	-0.71797784850303	0.0331378819843193	FALSE	TRUE	FALSE	FALSE	TRUE	0.0531764400290567
MSTRG.17448.11	NA	NA	lncRNA	-4.53623177047158	0.0332456908548397	FALSE	FALSE	TRUE	FALSE	TRUE	2.75443164336138e-05
MSTRG.7426.5	NA	NA	lncRNA	0.39009442228342	0.033260888929553	FALSE	FALSE	FALSE	FALSE	TRUE	0.212320727037204
MSTRG.8546.8	NA	NA	lncRNA	0.296564321916297	0.0337678660626007	FALSE	TRUE	TRUE	TRUE	TRUE	0.0347641568418073
MSTRG.30823.1	NA	NA	lncRNA	-0.472820825225452	0.034070854442878	FALSE	TRUE	TRUE	TRUE	TRUE	0.00200099378589489
MSTRG.12255.9	NA	NA	lncRNA	0.678367199346515	0.0343015784146188	FALSE	FALSE	FALSE	FALSE	TRUE	0.00246930643075354
MSTRG.9736.3	NA	NA	lncRNA	-3.45729320654001	0.0343673753839423	FALSE	TRUE	FALSE	FALSE	TRUE	0.000380146637852748
MSTRG.28697.3	NA	NA	lncRNA	-1.02237304058951	0.0344102400290742	FALSE	TRUE	TRUE	TRUE	TRUE	0.305430382090137
MSTRG.12754.22	NA	NA	lncRNA	-3.35912179819717	0.0344644254125689	FALSE	TRUE	TRUE	TRUE	TRUE	0.0664615518684031
MSTRG.26494.11	NA	NA	lncRNA	-3.85493784493238	0.0345168575414934	FALSE	TRUE	TRUE	TRUE	TRUE	3.15706790907614e-06
MSTRG.23869.5	NA	NA	lncRNA	-0.562869052491413	0.0346462079765098	FALSE	TRUE	TRUE	TRUE	TRUE	0.00145725194842919
MSTRG.28163.1	NA	NA	lncRNA	1.7619686011864	0.0346638780195009	FALSE	FALSE	FALSE	FALSE	TRUE	0.00661472857686653
MSTRG.18551.4	NA	NA	lncRNA	-0.631749220801528	0.0348512254850053	FALSE	TRUE	TRUE	TRUE	TRUE	1.93793573213139e-05
MSTRG.28761.2	NA	NA	lncRNA	-0.473959532091851	0.035030268863302	FALSE	FALSE	TRUE	FALSE	TRUE	0.0913843517755965
MSTRG.17924.16	NA	NA	lncRNA	-4.68111639166382	0.0351113640028207	FALSE	TRUE	FALSE	FALSE	TRUE	0.00677372954607001
MSTRG.7680.7	NA	NA	lncRNA	0.819398803564787	0.0355738562216083	FALSE	TRUE	TRUE	TRUE	TRUE	0.0752918932049202
MSTRG.7080.2	NA	NA	lncRNA	3.77047947103938	0.0356133120180272	FALSE	FALSE	FALSE	FALSE	TRUE	5.23604685373539e-09
MSTRG.25770.4	NA	NA	lncRNA	-0.393500794221925	0.0358904797003865	FALSE	TRUE	TRUE	TRUE	TRUE	0.0630764798459883
MSTRG.4491.4	NA	NA	lncRNA	0.610854597706873	0.0359319191332065	FALSE	TRUE	FALSE	FALSE	TRUE	0.0142413962828479
MSTRG.8305.5	NA	NA	lncRNA	0.321969384943337	0.0359319191332065	FALSE	TRUE	FALSE	FALSE	TRUE	0.000106199288556982
MSTRG.13860.11	NA	NA	lncRNA	0.562512301776287	0.0361359007937744	FALSE	TRUE	FALSE	FALSE	TRUE	0.0620196833113364
MSTRG.13725.6	NA	NA	lncRNA	0.753667353296405	0.0362428571274241	FALSE	TRUE	FALSE	FALSE	TRUE	0.191419355478635
MSTRG.30515.2	NA	NA	lncRNA	-0.238532669213367	0.0363550868741253	FALSE	TRUE	FALSE	FALSE	TRUE	0.069389062637767
MSTRG.26335.38	NA	NA	lncRNA	-0.811033712530283	0.0364738150427631	FALSE	TRUE	TRUE	TRUE	TRUE	0.0330286702547025
MSTRG.24444.2	NA	NA	lncRNA	-3.23948514640608	0.0371268468526269	FALSE	TRUE	TRUE	TRUE	TRUE	0.204341742982058
MSTRG.26760.3	NA	NA	lncRNA	0.615552604218943	0.0372459221919152	FALSE	TRUE	FALSE	FALSE	TRUE	0.215528175929739
MSTRG.30701.12	NA	NA	lncRNA	-0.901521484765971	0.0373404599535164	FALSE	FALSE	FALSE	FALSE	TRUE	0.00209666325506479
MSTRG.3647.5	NA	NA	lncRNA	0.309085782222259	0.0375233795272422	FALSE	FALSE	TRUE	FALSE	TRUE	0.0229760167007092
MSTRG.14003.10	NA	NA	lncRNA	-0.400898794014712	0.0379839663732259	FALSE	TRUE	FALSE	FALSE	TRUE	0.189020207842813
MSTRG.19482.4	NA	NA	lncRNA	-0.250049291151374	0.0380306689168161	FALSE	TRUE	FALSE	FALSE	TRUE	0.143931385736742
MSTRG.10828.2	NA	NA	lncRNA	-0.346502360689746	0.0381628818131062	FALSE	FALSE	TRUE	FALSE	TRUE	0.00517017906250579
MSTRG.12976.62	NA	NA	lncRNA	0.857001802324875	0.0383619798611538	FALSE	TRUE	TRUE	TRUE	TRUE	0.141056488008912
MSTRG.28052.1	NA	NA	lncRNA	-0.518570230679357	0.0384404154909621	TRUE	FALSE	FALSE	FALSE	TRUE	0.0738017390478013
MSTRG.18842.1	NA	NA	lncRNA	0.808263191720296	0.0390139087935661	FALSE	TRUE	FALSE	FALSE	TRUE	0.00482719509356221
MSTRG.10226.7	NA	NA	lncRNA	1.16407743931335	0.0391581411431066	FALSE	TRUE	FALSE	FALSE	TRUE	0.00451760658742821
MSTRG.19113.12	NA	NA	lncRNA	-1.51127653591006	0.0392298794923761	FALSE	TRUE	TRUE	TRUE	TRUE	0.00532517004884339
MSTRG.24379.3	NA	NA	lncRNA	-0.520166341298	0.0393051361635363	FALSE	TRUE	TRUE	TRUE	TRUE	0.0136929482629051
MSTRG.901.1	NA	NA	lncRNA	0.834440902179462	0.0393203781990249	FALSE	FALSE	FALSE	FALSE	TRUE	0.0620915377543385
MSTRG.12133.1	NA	NA	lncRNA	0.492368299423799	0.0398334388217152	FALSE	FALSE	FALSE	FALSE	TRUE	0.00768803610085882
MSTRG.1695.16	NA	NA	lncRNA	1.48661814513554	0.0401050695529864	FALSE	FALSE	TRUE	FALSE	TRUE	0.18881639383562
MSTRG.15234.3	NA	NA	lncRNA	-0.637685659049944	0.0401308023137343	FALSE	TRUE	FALSE	FALSE	TRUE	0.132574876700086
MSTRG.24310.1	NA	NA	lncRNA	2.9726634117141	0.0403231639287038	FALSE	FALSE	FALSE	FALSE	TRUE	0.020634319924417
MSTRG.16389.1	NA	NA	lncRNA	2.28872186135074	0.0403519815381176	TRUE	FALSE	TRUE	FALSE	TRUE	0.0103132462147949
MSTRG.16907.2	NA	NA	lncRNA	-0.584485470530659	0.0404959952990727	FALSE	FALSE	TRUE	FALSE	TRUE	0.175134175187594
MSTRG.9938.7	NA	NA	lncRNA	0.318122200061775	0.0406348361036338	FALSE	TRUE	FALSE	FALSE	TRUE	0.0160454198900825
MSTRG.29607.1	NA	NA	lncRNA	1.15289516445657	0.0413274918927819	FALSE	FALSE	FALSE	FALSE	TRUE	0.000382966445232961
MSTRG.12936.5	NA	NA	lncRNA	-0.213448544667055	0.041409979951173	FALSE	TRUE	TRUE	TRUE	TRUE	0.000452460279772111
MSTRG.8291.5	NA	NA	lncRNA	-0.417098494978863	0.0414480943265948	FALSE	TRUE	TRUE	TRUE	TRUE	0.000866773756567155
MSTRG.21020.10	NA	NA	lncRNA	3.04135513054381	0.041854845348323	FALSE	TRUE	TRUE	TRUE	TRUE	0.00018885451230227
MSTRG.24243.1	NA	NA	lncRNA	-0.55474591104953	0.04192461209685	FALSE	FALSE	TRUE	FALSE	TRUE	0.00616917829816939
MSTRG.3971.4	NA	NA	lncRNA	1.17731703550515	0.0423605706716053	FALSE	TRUE	FALSE	FALSE	TRUE	0.346426403966772
MSTRG.1618.4	NA	NA	lncRNA	0.842525827880357	0.0423661204646527	FALSE	TRUE	FALSE	FALSE	TRUE	0.0266729512651663
MSTRG.24334.8	NA	NA	lncRNA	-0.737508269562372	0.0424795823524899	FALSE	TRUE	FALSE	FALSE	TRUE	0.0178715833234403
MSTRG.4572.2	NA	NA	lncRNA	0.366314789908465	0.0424925198907543	FALSE	TRUE	TRUE	TRUE	TRUE	0.162932993147321
MSTRG.1531.14	NA	NA	lncRNA	-0.74380821821781	0.0429464647057689	FALSE	TRUE	FALSE	FALSE	TRUE	0.278593170112245
MSTRG.9983.2	NA	NA	lncRNA	3.6852263402849	0.0430298440046629	FALSE	TRUE	FALSE	FALSE	TRUE	0.000131907949587571
MSTRG.19242.1	NA	NA	lncRNA	0.87020772692974	0.0431941075594748	FALSE	TRUE	FALSE	FALSE	TRUE	0.0192051720666934
MSTRG.2623.16	NA	NA	lncRNA	2.02558836071888	0.0431941075594748	FALSE	FALSE	TRUE	FALSE	TRUE	0.17323739420679
MSTRG.5266.1	NA	NA	lncRNA	1.68851044278141	0.0435016365314621	FALSE	TRUE	FALSE	FALSE	TRUE	0.0764234132295876
MSTRG.27855.3	NA	NA	lncRNA	0.257846085100455	0.0437105351636207	FALSE	TRUE	TRUE	TRUE	TRUE	0.115732896373865
MSTRG.3238.30	NA	NA	lncRNA	-4.03603058475716	0.0439414277009766	FALSE	TRUE	FALSE	FALSE	TRUE	0.00602936759430858
MSTRG.1823.38	NA	NA	lncRNA	-0.538947584257941	0.0439802882833356	FALSE	TRUE	FALSE	FALSE	TRUE	0.00349105919258527
MSTRG.5290.3	NA	NA	lncRNA	0.270614978959902	0.0442077557117214	FALSE	TRUE	FALSE	FALSE	TRUE	0.020650498381082
MSTRG.4405.2	NA	NA	lncRNA	0.550882200642848	0.0443319803472866	FALSE	FALSE	TRUE	FALSE	TRUE	0.00761207458826134
MSTRG.21976.1	NA	NA	lncRNA	3.79488737155779	0.0444830756709613	FALSE	TRUE	TRUE	TRUE	TRUE	0.197082530826688
MSTRG.14576.3	NA	NA	lncRNA	-0.234767489292742	0.0444975755003688	FALSE	TRUE	FALSE	FALSE	TRUE	0.0223220622431768
MSTRG.18600.19	NA	NA	lncRNA	-0.609662307763314	0.0448183182331793	FALSE	TRUE	FALSE	FALSE	TRUE	0.0114166078837465
MSTRG.17783.1	NA	NA	lncRNA	-0.476760169164635	0.0454066625946261	FALSE	TRUE	FALSE	FALSE	TRUE	0.00866153026022819
MSTRG.8264.1	NA	NA	lncRNA	0.411803397418586	0.0458330449554234	FALSE	TRUE	TRUE	TRUE	TRUE	0.167751463100331
MSTRG.7723.9	NA	NA	lncRNA	-0.99344563726898	0.0458447499778134	FALSE	TRUE	TRUE	TRUE	TRUE	0.0250949041877718
MSTRG.16228.7	NA	NA	lncRNA	0.756703502365735	0.0462169323763004	FALSE	FALSE	TRUE	FALSE	TRUE	0.00107703966813333
MSTRG.18092.4	NA	NA	lncRNA	-0.852259261270844	0.0466173854665654	FALSE	TRUE	FALSE	FALSE	TRUE	0.290340484429638
MSTRG.14895.4	NA	NA	lncRNA	0.724724764389081	0.0468011850424807	FALSE	FALSE	FALSE	FALSE	TRUE	0.00684448450807451
MSTRG.4646.6	NA	NA	lncRNA	0.494527345385983	0.0469824890467926	FALSE	TRUE	FALSE	FALSE	TRUE	0.044800877626507
MSTRG.19378.2	NA	NA	lncRNA	0.452570221739663	0.0470208292024218	FALSE	FALSE	TRUE	FALSE	TRUE	0.244698351052911
MSTRG.2186.1	NA	NA	lncRNA	-2.00481805155778	0.0470889529922519	TRUE	TRUE	TRUE	TRUE	TRUE	0.0852707409697076
MSTRG.14668.2	NA	NA	lncRNA	0.236658644113639	0.0471495010825037	FALSE	FALSE	TRUE	FALSE	TRUE	0.0530402408202443
MSTRG.12572.9	NA	NA	lncRNA	-0.399091786554533	0.0473960907175398	FALSE	TRUE	FALSE	FALSE	TRUE	0.059721148604039
MSTRG.15359.2	NA	NA	lncRNA	-0.276202825825141	0.0473960907175398	FALSE	TRUE	TRUE	TRUE	TRUE	0.141867520376406
MSTRG.26847.3	NA	NA	lncRNA	-0.400620680706967	0.0474170249876289	FALSE	TRUE	FALSE	FALSE	TRUE	0.0585921946028194
MSTRG.24669.17	NA	NA	lncRNA	0.61417529309924	0.047491964765774	FALSE	TRUE	TRUE	TRUE	TRUE	0.0205888181043245
MSTRG.28131.5	NA	NA	lncRNA	0.559376822468135	0.0480267443207487	FALSE	TRUE	TRUE	TRUE	TRUE	0.0023600320497169
MSTRG.8512.6	NA	NA	lncRNA	0.656314168910034	0.0482827392281557	FALSE	TRUE	TRUE	TRUE	TRUE	0.0561263231266355
MSTRG.30078.28	NA	NA	lncRNA	0.534050113297496	0.0484985109065062	FALSE	TRUE	FALSE	FALSE	TRUE	0.00341767214220806
MSTRG.30910.1	NA	NA	lncRNA	-0.281902904358097	0.0486103813746446	FALSE	TRUE	FALSE	FALSE	TRUE	0.0815670117469992
MSTRG.17455.2	NA	NA	lncRNA	-0.360316655443617	0.0487844464769828	FALSE	TRUE	FALSE	FALSE	TRUE	0.000603800070134138
MSTRG.27093.1	NA	NA	lncRNA	0.903289274068912	0.0487921264596664	FALSE	TRUE	FALSE	FALSE	TRUE	0.0728662116535641
MSTRG.9771.3	NA	NA	lncRNA	3.62398234783337	0.0490739239981864	FALSE	TRUE	FALSE	FALSE	TRUE	0.03692379275671
MSTRG.26788.1	NA	NA	lncRNA	2.91263739509359	0.049113081140624	TRUE	FALSE	TRUE	FALSE	TRUE	0.0250267695747961
MSTRG.26568.1	NA	NA	lncRNA	1.9125677962527	0.0493825211807509	FALSE	FALSE	FALSE	FALSE	TRUE	0.00353633617356573
MSTRG.10181.3	NA	NA	lncRNA	-0.217365845181543	0.049837400267651	FALSE	TRUE	FALSE	FALSE	TRUE	0.00260479484242402
